,Exchange date,USD_to_AUD
0,2018-01-01,
1,2018-01-02,1.2759984688018375
2,2018-01-03,1.2794268167860798
3,2018-01-04,1.2763241863433312
4,2018-01-05,1.2727504136438845
5,2018-01-06,1.2735619096995106
6,2018-01-07,1.2743734057551366
7,2018-01-08,1.2751849018107626
8,2018-01-09,1.2732365673542145
9,2018-01-10,1.2774655084312723
10,2018-01-11,1.2701638511367968
11,2018-01-12,1.2682308180088777
12,2018-01-13,1.2649854920629702
13,2018-01-14,1.2617401661170629
14,2018-01-15,1.2584948401711553
15,2018-01-16,1.2550200803212852
16,2018-01-17,1.257071024512885
17,2018-01-18,1.2556504269211453
18,2018-01-19,1.2470382840753211
19,2018-01-20,1.2485470079067014
20,2018-01-21,1.2500557317380816
21,2018-01-22,1.2515644555694618
22,2018-01-23,1.2517211165352358
23,2018-01-24,1.2475049900199602
24,2018-01-25,1.2354830738818878
25,2018-01-26,1.2354067718145778
26,2018-01-27,1.235330469747268
27,2018-01-28,1.2352541676799582
28,2018-01-29,1.2351778656126482
29,2018-01-30,1.2391573729863692
30,2018-01-31,1.2386968908708038
31,2018-02-01,1.2431626056688214
32,2018-02-02,1.2504689258471928
33,2018-02-03,1.25404364678542
34,2018-02-04,1.257618367723647
35,2018-02-05,1.261193088661874
36,2018-02-06,1.2748597654258031
37,2018-02-07,1.2685525815045033
38,2018-02-08,1.2800819252432156
39,2018-02-09,1.2855122766422418
40,2018-02-10,1.282503886921566
41,2018-02-11,1.2794954972008903
42,2018-02-12,1.2764871074802144
43,2018-02-13,1.2706480304955527
44,2018-02-14,1.2695188523549576
45,2018-02-15,1.2605571662674901
46,2018-02-16,1.2554927809165097
47,2018-02-17,1.257870608153094
48,2018-02-18,1.2602484353896783
49,2018-02-19,1.2626262626262625
50,2018-02-20,1.2616704516780217
51,2018-02-21,1.273560876209883
52,2018-02-22,1.2810658467845248
53,2018-02-23,1.2786088735455823
54,2018-02-24,1.276332322072908
55,2018-02-25,1.2740557706002338
56,2018-02-26,1.2717792191275594
57,2018-02-27,1.2743723716069837
58,2018-02-28,1.2833675564681726
59,2018-03-01,1.2934937265554263
60,2018-03-02,1.289324394017535
61,2018-03-03,1.2895461560392099
62,2018-03-04,1.2897679180608845
63,2018-03-05,1.2899896800825594
64,2018-03-06,1.2865045670912132
65,2018-03-07,1.2813941568426448
66,2018-03-08,1.277139208173691
67,2018-03-09,1.2833675564681726
68,2018-03-10,1.2791815395304824
69,2018-03-11,1.2749955225927925
70,2018-03-12,1.2708095056551023
71,2018-03-13,1.2706480304955527
72,2018-03-14,1.2704865963664083
73,2018-03-15,1.2696800406297613
74,2018-03-16,1.2836970474967908
75,2018-03-17,1.2892050441899898
76,2018-03-18,1.294713040883189
77,2018-03-19,1.300221037576388
78,2018-03-20,1.2981955082435415
79,2018-03-21,1.2992074834351044
80,2018-03-22,1.2913223140495869
81,2018-03-23,1.2968486577616392
82,2018-03-24,1.296176976467965
83,2018-03-25,1.2955052951742907
84,2018-03-26,1.2948336138806165
85,2018-03-27,1.2923235978288963
86,2018-03-28,1.2997140629061608
87,2018-03-29,1.3046314416177431
88,2018-03-30,1.303952388167324
89,2018-03-31,1.303273334716905
90,2018-04-01,1.3025942812664857
91,2018-04-02,1.3019152278160666
92,2018-04-03,1.3012361743656475
93,2018-04-04,1.2987012987012987
94,2018-04-05,1.3003901170351104
95,2018-04-06,1.3025921583952065
96,2018-04-07,1.3018017847889336
97,2018-04-08,1.301011411182661
98,2018-04-09,1.300221037576388
99,2018-04-10,1.29315918789603
100,2018-04-11,1.2904890953671442
101,2018-04-12,1.2901561088891755
102,2018-04-13,1.2853470437017995
103,2018-04-14,1.2859536776521456
104,2018-04-15,1.286560311602492
105,2018-04-16,1.287166945552838
106,2018-04-17,1.2868356710848023
107,2018-04-18,1.2868356710848023
108,2018-04-19,1.2813941568426448
109,2018-04-20,1.2963443090484834
110,2018-04-21,1.2986532762786405
111,2018-04-22,1.3009622435087977
112,2018-04-23,1.3032712107389548
113,2018-04-24,1.3144058885383807
114,2018-04-25,1.3173560998012737
115,2018-04-26,1.3203063110641668
116,2018-04-27,1.3253810470510272
117,2018-04-28,1.3239220190379812
118,2018-04-29,1.322462991024935
119,2018-04-30,1.321003963011889
120,2018-05-01,1.3262599469496021
121,2018-05-02,1.332800213248034
122,2018-05-03,1.3290802764486975
123,2018-05-04,1.3266118333775536
124,2018-05-05,1.3276703002658867
125,2018-05-06,1.32872876715422
126,2018-05-07,1.3297872340425532
127,2018-05-08,1.3308490817141336
128,2018-05-09,1.3449899125756557
129,2018-05-10,1.3408420488066506
130,2018-05-11,1.3273161667109106
131,2018-05-12,1.3264370329404038
132,2018-05-13,1.3255578991698973
133,2018-05-14,1.3246787653993906
134,2018-05-15,1.3319126265316994
135,2018-05-16,1.3361838588989845
136,2018-05-17,1.3262599469496021
137,2018-05-18,1.3299640909695438
138,2018-05-19,1.3299640909695438
139,2018-05-20,1.3299640909695438
140,2018-05-21,1.3299640909695438
141,2018-05-22,1.3178703215603584
142,2018-05-23,1.3260840737302746
143,2018-05-24,1.322401481089659
144,2018-05-25,1.3218770654329148
145,2018-05-26,1.3211211754949088
146,2018-05-27,1.3203652855569028
147,2018-05-28,1.3196093956188968
148,2018-05-29,1.3271400132714002
149,2018-05-30,1.3331555792560992
150,2018-05-31,1.3220518244315178
151,2018-06-01,1.3260840737302746
152,2018-06-02,1.321788594568268
153,2018-06-03,1.3174931154062615
154,2018-06-04,1.3131976362442548
155,2018-06-05,1.3101008777675882
156,2018-06-06,1.3048016701461378
157,2018-06-07,1.3056534795665231
158,2018-06-08,1.3142331449599158
159,2018-06-09,1.3139742677810005
160,2018-06-10,1.3137153906020853
161,2018-06-11,1.3134565134231702
162,2018-06-12,1.3131976362442548
163,2018-06-13,1.3203063110641668
164,2018-06-14,1.3236267372600927
165,2018-06-15,1.3395847287340923
166,2018-06-16,1.3404837788876052
167,2018-06-17,1.341382829041118
168,2018-06-18,1.342281879194631
169,2018-06-19,1.3550135501355014
170,2018-06-20,1.3509862199405567
171,2018-06-21,1.358695652173913
172,2018-06-22,1.3517166801838334
173,2018-06-23,1.3504413038849674
174,2018-06-24,1.3491659275861014
175,2018-06-25,1.3478905512872354
176,2018-06-26,1.348435814455232
177,2018-06-27,1.3550135501355014
178,2018-06-28,1.3599891200870393
179,2018-06-29,1.3529968881071575
180,2018-06-30,1.353546737831395
181,2018-07-01,1.3540965875556326
182,2018-07-02,1.35464643727987
183,2018-07-03,1.358695652173913
184,2018-07-04,1.3511687609782461
185,2018-07-05,1.3553808620222283
186,2018-07-06,1.349892008639309
187,2018-07-07,1.3463366482308574
188,2018-07-08,1.3427812878224061
189,2018-07-09,1.3392259274139546
190,2018-07-10,1.341021858656296
191,2018-07-11,1.349892008639309
192,2018-07-12,1.354279523293608
193,2018-07-13,1.348435814455232
194,2018-07-14,1.347226888675731
195,2018-07-15,1.3460179628962303
196,2018-07-16,1.3448090371167294
197,2018-07-17,1.3464386697185942
198,2018-07-18,1.3585110718652358
199,2018-07-19,1.3493455673998112
200,2018-07-20,1.3559322033898304
201,2018-07-21,1.3530095420326653
202,2018-07-22,1.3500868806755002
203,2018-07-23,1.347164219318335
204,2018-07-24,1.3557483731019522
205,2018-07-25,1.3509862199405567
206,2018-07-26,1.3448090371167294
207,2018-07-27,1.3533631073216945
208,2018-07-28,1.3528752111088798
209,2018-07-29,1.3523873148960648
210,2018-07-30,1.35189941868325
211,2018-07-31,1.3457139012245998
212,2018-08-01,1.3500742540839745
213,2018-08-02,1.3540961408259986
214,2018-08-03,1.3568521031207599
215,2018-08-04,1.3553856323257092
216,2018-08-05,1.3539191615306583
217,2018-08-06,1.3524526907356074
218,2018-08-07,1.3509862199405567
219,2018-08-08,1.3464386697185942
220,2018-08-09,1.34390538906061
221,2018-08-10,1.3640703860319192
222,2018-08-11,1.3673186188511555
223,2018-08-12,1.3705668516703915
224,2018-08-13,1.3738150844896277
225,2018-08-14,1.3753266400770183
226,2018-08-15,1.3863856924996534
227,2018-08-16,1.3745704467353952
228,2018-08-17,1.375515818431912
229,2018-08-18,1.373256553468706
230,2018-08-19,1.3709972885055
231,2018-08-20,1.368738023542294
232,2018-08-21,1.358695652173913
233,2018-08-22,1.3594344752582925
234,2018-08-23,1.3709898546750754
235,2018-08-24,1.3736263736263736
236,2018-08-25,1.3709377699545664
237,2018-08-26,1.3682491662827592
238,2018-08-27,1.365560562610952
239,2018-08-28,1.3646288209606987
240,2018-08-29,1.3681762210972774
241,2018-08-30,1.3736263736263736
242,2018-08-31,1.3774104683195594
243,2018-09-01,1.381236608509336
244,2018-09-02,1.3850627486991123
245,2018-09-03,1.3888888888888888
246,2018-09-04,1.3835085777531821
247,2018-09-05,1.3915947676036737
248,2018-09-06,1.3945056477478734
249,2018-09-07,1.3984058173682004
250,2018-09-08,1.4007643373693834
251,2018-09-09,1.4031228573705667
252,2018-09-10,1.4054813773717498
253,2018-09-11,1.4033118158854898
254,2018-09-12,1.4078558355624384
255,2018-09-13,1.392563709789723
256,2018-09-14,1.3888888888888888
257,2018-09-15,1.391345268753814
258,2018-09-16,1.3938016486187388
259,2018-09-17,1.3962580284836639
260,2018-09-18,1.3875398917718884
261,2018-09-19,1.379690949227373
262,2018-09-20,1.3774104683195594
263,2018-09-21,1.3706140350877192
264,2018-09-22,1.3727530636929237
265,2018-09-23,1.374892092298128
266,2018-09-24,1.3770311209033326
267,2018-09-25,1.3804527885146327
268,2018-09-26,1.3766519823788546
269,2018-09-27,1.3825521913452232
270,2018-09-28,1.3846579894765993
271,2018-09-29,1.3857157143296717
272,2018-09-30,1.3867734391827442
273,2018-10-01,1.3878311640358165
274,2018-10-02,1.3888888888888888
275,2018-10-03,1.3923698134224451
276,2018-10-04,1.4114326040931544
277,2018-10-05,1.4154281670205238
278,2018-10-06,1.4158291949754807
279,2018-10-07,1.4162302229304378
280,2018-10-08,1.4166312508853947
281,2018-10-09,1.4104372355430184
282,2018-10-10,1.4048890137679124
283,2018-10-11,1.4140271493212668
284,2018-10-12,1.4039028499227852
285,2018-10-13,1.404890401167807
286,2018-10-14,1.4058779524128286
287,2018-10-15,1.4068655036578503
288,2018-10-16,1.4040999719180005
289,2018-10-17,1.4013452914798206
290,2018-10-18,1.4023278642546628
291,2018-10-19,1.4066676044450697
292,2018-10-20,1.4067995558173736
293,2018-10-21,1.4069315071896773
294,2018-10-22,1.4070634585619812
295,2018-10-23,1.4158289678606824
296,2018-10-24,1.4076576576576576
297,2018-10-25,1.4130281192595733
298,2018-10-26,1.4216661927779357
299,2018-10-27,1.4173271636878966
300,2018-10-28,1.4129881345978572
301,2018-10-29,1.408649105507818
302,2018-10-30,1.4098406880022556
303,2018-10-31,1.4114326040931544
304,2018-11-01,1.402524544179523
305,2018-11-02,1.3806433798149937
306,2018-11-03,1.3841002696239617
307,2018-11-04,1.3875571594329295
308,2018-11-05,1.3910140492418974
309,2018-11-06,1.3863856924996534
310,2018-11-07,1.3766519823788546
311,2018-11-08,1.374759417102007
312,2018-11-09,1.3804527885146327
313,2018-11-10,1.381599026645146
314,2018-11-11,1.3827452647756588
315,2018-11-12,1.383891502906172
316,2018-11-13,1.3865779256794233
317,2018-11-14,1.3856172925038104
318,2018-11-15,1.3738150844896277
319,2018-11-16,1.3757050488375293
320,2018-11-17,1.3732578450013377
321,2018-11-18,1.3708106411651462
322,2018-11-19,1.3683634373289546
323,2018-11-20,1.374759417102007
324,2018-11-21,1.38217000691085
325,2018-11-22,1.3793103448275863
326,2018-11-23,1.3793103448275863
327,2018-11-24,1.3793103448275863
328,2018-11-25,1.3793103448275863
329,2018-11-26,1.3793103448275863
330,2018-11-27,1.3835085777531821
331,2018-11-28,1.3825521913452232
332,2018-11-29,1.3672409078479628
333,2018-11-30,1.366867140513942
334,2018-12-01,1.363712974450587
335,2018-12-02,1.360558808387232
336,2018-12-03,1.3574046423238768
337,2018-12-04,1.3559322033898304
338,2018-12-05,1.37211855104281
339,2018-12-06,1.383891502906172
340,2018-12-07,1.3825521913452232
341,2018-12-08,1.3833180421644147
342,2018-12-09,1.3840838929836061
343,2018-12-10,1.3848497438027976
344,2018-12-11,1.3879250520471893
345,2018-12-12,1.386001386001386
346,2018-12-13,1.383891502906172
347,2018-12-14,1.3910140492418974
348,2018-12-15,1.392048308491299
349,2018-12-16,1.3930825677407002
350,2018-12-17,1.3941168269901016
351,2018-12-18,1.3910140492418974
352,2018-12-19,1.3902405116085081
353,2018-12-20,1.409443269908386
354,2018-12-21,1.4064697609001406
355,2018-12-22,1.4094558962736017
356,2018-12-23,1.4124420316470627
357,2018-12-24,1.4154281670205238
358,2018-12-25,1.415762309647299
359,2018-12-26,1.4160964522740747
360,2018-12-27,1.41643059490085
361,2018-12-28,1.4182385477237271
362,2018-12-29,1.4177696863921854
363,2018-12-30,1.4173008250606436
364,2018-12-31,1.4168319637291018
365,2019-01-01,1.4206666941152633
366,2019-01-02,1.4245014245014247
367,2019-01-03,1.4398848092152627
368,2019-01-04,1.4236902050113895
369,2019-01-05,1.4164383599557213
370,2019-01-06,1.4091865149000533
371,2019-01-07,1.401934669844385
372,2019-01-08,1.402524544179523
373,2019-01-09,1.3978194017332959
374,2019-01-10,1.3917884481558802
375,2019-01-11,1.3850415512465375
376,2019-01-12,1.387355095040379
377,2019-01-13,1.3896686388342208
378,2019-01-14,1.3919821826280623
379,2019-01-15,1.3865779256794233
380,2019-01-16,1.3896609227348526
381,2019-01-17,1.3982102908277405
382,2019-01-18,1.3902405116085081
383,2019-01-19,1.3917919028894217
384,2019-01-20,1.393343294170335
385,2019-01-21,1.3948946854512485
386,2019-01-22,1.4011489421325487
387,2019-01-23,1.4011489421325487
388,2019-01-24,1.4064697609001406
389,2019-01-25,1.409443269908386
390,2019-01-26,1.4059034375017514
391,2019-01-27,1.4023636050951167
392,2019-01-28,1.398823772688482
393,2019-01-29,1.3952839402818473
394,2019-01-30,1.389854065323141
395,2019-01-31,1.3758943313153549
396,2019-02-01,1.3810247203424941
397,2019-02-02,1.3819164848406629
398,2019-02-03,1.3828082493388314
399,2019-02-04,1.3837000138370001
400,2019-02-05,1.3774104683195594
401,2019-02-06,1.398014818957081
402,2019-02-07,1.408649105507818
403,2019-02-08,1.4132278123233466
404,2019-02-09,1.4120987708829829
405,2019-02-10,1.4109697294426193
406,2019-02-11,1.4098406880022556
407,2019-02-12,1.4140271493212668
408,2019-02-13,1.4017381553125876
409,2019-02-14,1.4046916701783958
410,2019-02-15,1.4098406880022556
411,2019-02-16,1.40609425820197
412,2019-02-17,1.4023478284016844
413,2019-02-18,1.3986013986013988
414,2019-02-19,1.4058765640376774
415,2019-02-20,1.3960631020522127
416,2019-02-21,1.3962580284836639
417,2019-02-22,1.4098406880022556
418,2019-02-23,1.406485803946259
419,2019-02-24,1.4031309198902628
420,2019-02-25,1.3997760358342664
421,2019-02-26,1.396843134515994
422,2019-02-27,1.3921759710427397
423,2019-02-28,1.3993842709207949
424,2019-03-01,1.4098406880022556
425,2019-03-02,1.409708215304299
426,2019-03-03,1.4095757426063427
427,2019-03-04,1.409443269908386
428,2019-03-05,1.4132278123233466
429,2019-03-06,1.4214641080312722
430,2019-03-07,1.4186409419775856
431,2019-03-08,1.42673705236125
432,2019-03-09,1.424374010678842
433,2019-03-10,1.422010968996434
434,2019-03-11,1.4196479273140261
435,2019-03-12,1.4146272457207527
436,2019-03-13,1.4174344436569808
437,2019-03-14,1.4166312508853947
438,2019-03-15,1.4122299110295158
439,2019-03-16,1.4099803998102605
440,2019-03-17,1.4077308885910051
441,2019-03-18,1.4054813773717498
442,2019-03-19,1.4074595355383532
443,2019-03-20,1.4134275618374559
444,2019-03-21,1.3995801259622114
445,2019-03-22,1.4072614691809737
446,2019-03-23,1.4090506135830967
447,2019-03-24,1.4108397579852199
448,2019-03-25,1.4126289023873428
449,2019-03-26,1.4040999719180005
450,2019-03-27,1.4082523588227012
451,2019-03-28,1.409046075806679
452,2019-03-29,1.4110342881332016
453,2019-03-30,1.4087885751810634
454,2019-03-31,1.4065428622289253
455,2019-04-01,1.404297149276787
456,2019-04-02,1.4124293785310735
457,2019-04-03,1.4072614691809737
458,2019-04-04,1.4062719729995783
459,2019-04-05,1.4035087719298245
460,2019-04-06,1.405553164934703
461,2019-04-07,1.4075975579395814
462,2019-04-08,1.40964195094446
463,2019-04-09,1.4013452914798206
464,2019-04-10,1.3997760358342664
465,2019-04-11,1.3960631020522127
466,2019-04-12,1.4021312394840157
467,2019-04-13,1.3997839215607724
468,2019-04-14,1.3974366036375292
469,2019-04-15,1.3950892857142858
470,2019-04-16,1.3991884706870015
471,2019-04-17,1.3888888888888888
472,2019-04-18,1.3921759710427397
473,2019-04-19,1.394600206689549
474,2019-04-20,1.3970244423363587
475,2019-04-21,1.399448677983168
476,2019-04-22,1.4018729136299777
477,2019-04-23,1.404297149276787
478,2019-04-24,1.4206563432305725
479,2019-04-25,1.4220719438572793
480,2019-04-26,1.4234875444839858
481,2019-04-27,1.4214028830195582
482,2019-04-28,1.4193182215551305
483,2019-04-29,1.417233560090703
484,2019-04-30,1.4206563432305725
485,2019-05-01,1.417635384179189
486,2019-05-02,1.4245014245014247
487,2019-05-03,1.4289797084881395
488,2019-05-04,1.4295930922519775
489,2019-05-05,1.4302064760158157
490,2019-05-06,1.4308198597796538
491,2019-05-07,1.4216661927779357
492,2019-05-08,1.4238929232521713
493,2019-05-09,1.43348623853211
494,2019-05-10,1.4295925661186561
495,2019-05-11,1.4308904569231409
496,2019-05-12,1.4321883477276254
497,2019-05-13,1.43348623853211
498,2019-05-14,1.4378145219266714
499,2019-05-15,1.4425851125216387
500,2019-05-16,1.4463407578825571
501,2019-05-17,1.4532771399505884
502,2019-05-18,1.4505469950344962
503,2019-05-19,1.4478168501184043
504,2019-05-20,1.4450867052023122
505,2019-05-21,1.4539110206455366
506,2019-05-22,1.4545454545454546
507,2019-05-23,1.4543339150668995
508,2019-05-24,1.4518002322880372
509,2019-05-25,1.448381933725637
510,2019-05-26,1.4449636351632364
511,2019-05-27,1.4415453366008362
512,2019-05-28,1.4432096983691731
513,2019-05-29,1.443001443001443
514,2019-05-30,1.4432096983691731
515,2019-05-31,1.4459224985540775
516,2019-06-01,1.4437026981341134
517,2019-06-02,1.4414828977141494
518,2019-06-03,1.4392630972941853
519,2019-06-04,1.4322543683758235
520,2019-06-05,1.4285714285714286
521,2019-06-06,1.4336917562724014
522,2019-06-07,1.4347202295552368
523,2019-06-08,1.4355971979107107
524,2019-06-09,1.4364741662661844
525,2019-06-10,1.4373511346216583
526,2019-06-11,1.4382281029771322
527,2019-06-12,1.4392630972941853
528,2019-06-13,1.4465499783017504
529,2019-06-14,1.4496955639315745
530,2019-06-15,1.451100716169562
531,2019-06-16,1.4525058684075491
532,2019-06-17,1.4539110206455366
533,2019-06-18,1.461988304093567
534,2019-06-19,1.4539110206455366
535,2019-06-20,1.4503263234227701
536,2019-06-21,1.4423770373575653
537,2019-06-22,1.4409251191433716
538,2019-06-23,1.4394732009291777
539,2019-06-24,1.438021282714984
540,2019-06-25,1.4371945961483186
541,2019-06-26,1.4347202295552368
542,2019-06-27,1.4302059496567505
543,2019-06-28,1.4259232853272494
544,2019-06-29,1.4272145131616416
545,2019-06-30,1.4285057409960338
546,2019-07-01,1.429796968830426
547,2019-07-02,1.432870038687491
548,2019-07-03,1.4289797084881395
549,2019-07-04,1.4212620807276861
550,2019-07-05,1.4245014245014247
551,2019-07-06,1.426539337841198
552,2019-07-07,1.428577251180971
553,2019-07-08,1.430615164520744
554,2019-07-09,1.4371945961483186
555,2019-07-10,1.4442518775274407
556,2019-07-11,1.4343086632243258
557,2019-07-12,1.4283673760891302
558,2019-07-13,1.4261336483187321
559,2019-07-14,1.4238999205483338
560,2019-07-15,1.4216661927779357
561,2019-07-16,1.4212620807276861
562,2019-07-17,1.4265335235378032
563,2019-07-18,1.4216661927779357
564,2019-07-19,1.4154281670205238
565,2019-07-20,1.417238177464284
566,2019-07-21,1.4190481879080443
567,2019-07-22,1.4208581983518045
568,2019-07-23,1.4247043738424277
569,2019-07-24,1.4316392269148175
570,2019-07-25,1.4351320321469576
571,2019-07-26,1.4400921658986174
572,2019-07-27,1.4425937735984993
573,2019-07-28,1.445095381298381
574,2019-07-29,1.447596988998263
575,2019-07-30,1.4503263234227701
576,2019-07-31,1.450536698578474
577,2019-08-01,1.4596409283316303
578,2019-08-02,1.467997651203758
579,2019-08-03,1.4695123893462148
580,2019-08-04,1.4710271274886715
581,2019-08-05,1.4725418656311282
582,2019-08-06,1.474056603773585
583,2019-08-07,1.4889815366289458
584,2019-08-08,1.4760147601476015
585,2019-08-09,1.4684287812041115
586,2019-08-10,1.4701599085618529
587,2019-08-11,1.4718910359195942
588,2019-08-12,1.4736221632773356
589,2019-08-13,1.4784151389710232
590,2019-08-14,1.473187978786093
591,2019-08-15,1.4742739200943535
592,2019-08-16,1.4727540500736376
593,2019-08-17,1.4732606734138762
594,2019-08-18,1.4737672967541149
595,2019-08-19,1.4742739200943535
596,2019-08-20,1.4729709824716455
597,2019-08-21,1.474708745022858
598,2019-08-22,1.4773230905599055
599,2019-08-23,1.4801657785671996
600,2019-08-24,1.4817776807119614
601,2019-08-25,1.4833895828567232
602,2019-08-26,1.485001485001485
603,2019-08-27,1.4797277300976621
604,2019-08-28,1.4841199168892847
605,2019-08-29,1.4876524843796488
606,2019-08-30,1.4885382554331648
607,2019-08-31,1.4878007711607544
608,2019-09-01,1.487063286888344
609,2019-09-02,1.4863258026159336
610,2019-09-03,1.4883167137966957
611,2019-09-04,1.4760147601476015
612,2019-09-05,1.4669209329617134
613,2019-09-06,1.465630954125751
614,2019-09-07,1.462995951924456
615,2019-09-08,1.4603609497231609
616,2019-09-09,1.4577259475218658
617,2019-09-10,1.458363715910748
618,2019-09-11,1.4545454545454546
619,2019-09-12,1.4532771399505884
620,2019-09-13,1.4549687181725592
621,2019-09-14,1.4548276302968577
622,2019-09-15,1.4546865424211561
623,2019-09-16,1.4545454545454546
624,2019-09-17,1.46177459435755
625,2019-09-18,1.4600671630895021
626,2019-09-19,1.4727540500736376
627,2019-09-20,1.4701558365186709
628,2019-09-21,1.4718910455319711
629,2019-09-22,1.4736262545452716
630,2019-09-23,1.475361463558572
631,2019-09-24,1.474708745022858
632,2019-09-25,1.474491300501327
633,2019-09-26,1.481042654028436
634,2019-09-27,1.4788524105294292
635,2019-09-28,1.479801937932841
636,2019-09-29,1.480751465336253
637,2019-09-30,1.481700992739665
638,2019-10-01,1.4907573047107932
639,2019-10-02,1.4894250819183794
640,2019-10-03,1.4887598630340926
641,2019-10-04,1.4803849000740192
642,2019-10-05,1.480768817319889
643,2019-10-06,1.481152734565759
644,2019-10-07,1.4815366518116289
645,2019-10-08,1.4819205690574986
646,2019-10-09,1.484560570071259
647,2019-10-10,1.4823599169878448
648,2019-10-11,1.4755791648221928
649,2019-10-12,1.4747821028101595
650,2019-10-13,1.4739850407981263
651,2019-10-14,1.473187978786093
652,2019-10-15,1.4764506127270043
653,2019-10-16,1.4852220406950838
654,2019-10-17,1.4738393515106853
655,2019-10-18,1.4639145073927682
656,2019-10-19,1.4618516541024673
657,2019-10-20,1.4597888008121667
658,2019-10-21,1.4577259475218658
659,2019-10-22,1.4543339150668995
660,2019-10-23,1.461347362268011
661,2019-10-24,1.461347362268011
662,2019-10-25,1.4667057788207687
663,2019-10-26,1.4669927773099225
664,2019-10-27,1.4672797757990763
665,2019-10-28,1.4675667742882301
666,2019-10-29,1.4590020426028596
667,2019-10-30,1.456876456876457
668,2019-10-31,1.443834825295986
669,2019-11-01,1.448225923244026
670,2019-11-02,1.4471099181016138
671,2019-11-03,1.4459939129592017
672,2019-11-04,1.4448779078167895
673,2019-11-05,1.4484356894553883
674,2019-11-06,1.449905756125852
675,2019-11-07,1.45623998835008
676,2019-11-08,1.4532771399505884
677,2019-11-09,1.4552564074207288
678,2019-11-10,1.4572356748908692
679,2019-11-11,1.4592149423610097
680,2019-11-12,1.4604936468526362
681,2019-11-13,1.461347362268011
682,2019-11-14,1.4710208884966167
683,2019-11-15,1.4716703458425313
684,2019-11-16,1.4705179587464867
685,2019-11-17,1.469365571650442
686,2019-11-18,1.4682131845543973
687,2019-11-19,1.4710208884966167
688,2019-11-20,1.4669209329617134
689,2019-11-21,1.4712373105781964
690,2019-11-22,1.473187978786093
691,2019-11-23,1.4727543055512429
692,2019-11-24,1.4723206323163927
693,2019-11-25,1.4718869590815424
694,2019-11-26,1.474491300501327
695,2019-11-27,1.4755791648221928
696,2019-11-28,1.478633742422002
697,2019-11-29,1.4755791648221928
698,2019-11-30,1.4757969946368994
699,2019-12-01,1.4760148244516058
700,2019-12-02,1.4762326542663124
701,2019-12-03,1.46177459435755
702,2019-12-04,1.465201465201465
703,2019-12-05,1.4622020763269485
704,2019-12-06,1.461347362268011
705,2019-12-07,1.462131652909353
706,2019-12-08,1.4629159435506953
707,2019-12-09,1.4637002341920373
708,2019-12-10,1.464343242055938
709,2019-12-11,1.4667057788207687
710,2019-12-12,1.4530659691950014
711,2019-12-13,1.443834825295986
712,2019-12-14,1.4475461229215105
713,2019-12-15,1.4512574205470348
714,2019-12-16,1.4549687181725592
715,2019-12-17,1.4553922282055012
716,2019-12-18,1.4607069821793748
717,2019-12-19,1.4534883720930234
718,2019-12-20,1.451378809869376
719,2019-12-21,1.4502579458401303
720,2019-12-22,1.4491370818108849
721,2019-12-23,1.4480162177816391
722,2019-12-24,1.4463407578825571
723,2019-12-25,1.443636539580749
724,2019-12-26,1.4409323212789404
725,2019-12-27,1.4382281029771322
726,2019-12-28,1.4356904568250028
727,2019-12-29,1.4331528106728735
728,2019-12-30,1.430615164520744
729,2019-12-31,1.4273479874393378
730,2020-01-01,1.4276537166955363
731,2020-01-02,1.4279594459517349
732,2020-01-03,1.4355440712029859
733,2020-01-04,1.436990983873745
734,2020-01-05,1.4384378965445037
735,2020-01-06,1.4398848092152627
736,2020-01-07,1.443418013856813
737,2020-01-08,1.4553922282055012
738,2020-01-09,1.4549687181725592
739,2020-01-10,1.4549687181725592
740,2020-01-11,1.4520927314092251
741,2020-01-12,1.4492167446458912
742,2020-01-13,1.4463407578825571
743,2020-01-14,1.4488554042306576
744,2020-01-15,1.4494854326714017
745,2020-01-16,1.4478065730418417
746,2020-01-17,1.4503263234227701
747,2020-01-18,1.451098819527634
748,2020-01-19,1.451871315632498
749,2020-01-20,1.452643811737362
750,2020-01-21,1.4566642388929352
751,2020-01-22,1.4622020763269485
752,2020-01-23,1.45623998835008
753,2020-01-24,1.4604936468526362
754,2020-01-25,1.4650833377718344
755,2020-01-26,1.4696730286910327
756,2020-01-27,1.474262719610231
757,2020-01-28,1.4788524105294292
758,2020-01-29,1.4762326542663124
759,2020-01-30,1.4838996883810653
760,2020-01-31,1.48720999405116
761,2020-02-01,1.4892829669620238
762,2020-02-02,1.4913559398728877
763,2020-02-03,1.4934289127837514
764,2020-02-04,1.4883167137966957
765,2020-02-05,1.4841199168892847
766,2020-02-06,1.4792899408284024
767,2020-02-07,1.4885382554331648
768,2020-02-08,1.4899455414386993
769,2020-02-09,1.491352827444234
770,2020-02-10,1.4927601134497686
771,2020-02-11,1.4905351021016544
772,2020-02-12,1.4863258026159336
773,2020-02-13,1.4883167137966957
774,2020-02-14,1.4883167137966957
775,2020-02-15,1.4878740917256783
776,2020-02-16,1.4874314696546607
777,2020-02-17,1.4869888475836432
778,2020-02-18,1.4943215780035863
779,2020-02-19,1.4934289127837514
780,2020-02-20,1.5037593984962405
781,2020-02-21,1.514004542013626
782,2020-02-22,1.5136990990233574
783,2020-02-23,1.513393656033089
784,2020-02-24,1.5130882130428203
785,2020-02-25,1.5119443604475356
786,2020-02-26,1.516070345664039
787,2020-02-27,1.5255530129672006
788,2020-02-28,1.5328019619865114
789,2020-02-29,1.532958642142086
790,2020-03-01,1.5331153222976606
791,2020-03-02,1.5332720024532351
792,2020-03-03,1.5262515262515262
793,2020-03-04,1.5163002274450341
794,2020-03-05,1.510574018126888
795,2020-03-06,1.5146925174189638
796,2020-03-07,1.5195569527861146
797,2020-03-08,1.5244213881532651
798,2020-03-09,1.5292858235204159
799,2020-03-10,1.5229972586049345
800,2020-03-11,1.5372790161414298
801,2020-03-12,1.5487068297971194
802,2020-03-13,1.5855398763278896
803,2020-03-14,1.5967502457039127
804,2020-03-15,1.6079606150799355
805,2020-03-16,1.6191709844559585
806,2020-03-17,1.6337199803953604
807,2020-03-18,1.6616816218012629
808,2020-03-19,1.795009872554299
809,2020-03-20,1.7085255424568595
810,2020-03-21,1.7175198629684627
811,2020-03-22,1.7265141834800661
812,2020-03-23,1.7355085039916693
813,2020-03-24,1.6914749661705009
814,2020-03-25,1.6647244880972198
815,2020-03-26,1.686056314280897
816,2020-03-27,1.6388069485414618
817,2020-03-28,1.6345433857485083
818,2020-03-29,1.630279822955555
819,2020-03-30,1.6260162601626016
820,2020-03-31,1.6194331983805668
821,2020-04-01,1.6329196603527105
822,2020-04-02,1.64446637066272
823,2020-04-03,1.6469038208168645
824,2020-04-04,1.6502694900447143
825,2020-04-05,1.6536351592725642
826,2020-04-06,1.657000828500414
827,2020-04-07,1.6273393002441008
828,2020-04-08,1.6270745200130166
829,2020-04-09,1.6100466913540492
830,2020-04-10,1.5996123647673024
831,2020-04-11,1.5891780381805554
832,2020-04-12,1.5787437115938086
833,2020-04-13,1.5683093850070615
834,2020-04-14,1.5578750584203147
835,2020-04-15,1.5664160401002507
836,2020-04-16,1.5908367801463568
837,2020-04-17,1.572327044025157
838,2020-04-18,1.5734832883058774
839,2020-04-19,1.5746395325865976
840,2020-04-20,1.5757957768673179
841,2020-04-21,1.5837820715869497
842,2020-04-22,1.5815277558121146
843,2020-04-23,1.5770383220312254
844,2020-04-24,1.5765410688948447
845,2020-04-25,1.5668635496955006
846,2020-04-26,1.5571860304961562
847,2020-04-27,1.547508511296812
848,2020-04-28,1.5487068297971194
849,2020-04-29,1.5285845307245491
850,2020-04-30,1.5229972586049345
851,2020-05-01,1.5482272797646695
852,2020-05-02,1.5544538284193168
853,2020-05-03,1.5606803770739643
854,2020-05-04,1.5669069257286117
855,2020-05-05,1.5482272797646695
856,2020-05-06,1.5506280043417584
857,2020-05-07,1.5561780267662622
858,2020-05-08,1.5313935681470137
859,2020-05-09,1.5303793485542727
860,2020-05-10,1.529365128961532
861,2020-05-11,1.528350909368791
862,2020-05-12,1.543924656476764
863,2020-05-13,1.544878727019929
864,2020-05-14,1.554243083618278
865,2020-05-15,1.549186676994578
866,2020-05-16,1.5512750709180423
867,2020-05-17,1.5533634648415067
868,2020-05-18,1.555451858764971
869,2020-05-19,1.5337423312883436
870,2020-05-20,1.5264845061822623
871,2020-05-21,1.525320317266626
872,2020-05-22,1.5288182235132242
873,2020-05-23,1.5297548559062482
874,2020-05-24,1.530691488299272
875,2020-05-25,1.531628120692296
876,2020-05-26,1.5204500532157519
877,2020-05-27,1.506024096385542
878,2020-05-28,1.5124016938898972
879,2020-05-29,1.5017269860339388
880,2020-05-30,1.4955644556354015
881,2020-05-31,1.4894019252368642
882,2020-06-01,1.483239394838327
883,2020-06-02,1.4699397324709687
884,2020-06-03,1.4409221902017293
885,2020-06-04,1.4480162177816391
886,2020-06-05,1.4285714285714286
887,2020-06-06,1.4288267129582355
888,2020-06-07,1.4290819973450424
889,2020-06-08,1.4293372817318493
890,2020-06-09,1.4295925661186561
891,2020-06-10,1.4291839359725598
892,2020-06-11,1.4432096983691731
893,2020-06-12,1.45623998835008
894,2020-06-13,1.461744675591266
895,2020-06-14,1.4672493628324517
896,2020-06-15,1.4727540500736376
897,2020-06-16,1.439677512237259
898,2020-06-17,1.4530659691950014
899,2020-06-18,1.455604075691412
900,2020-06-19,1.4575134819997084
901,2020-06-20,1.4575843038404275
902,2020-06-21,1.4576551256811467
903,2020-06-22,1.4577259475218658
904,2020-06-23,1.449905756125852
905,2020-06-24,1.440299582313121
906,2020-06-25,1.4545454545454546
907,2020-06-26,1.4518002322880372
908,2020-06-27,1.4524333767417172
909,2020-06-28,1.453066521195397
910,2020-06-29,1.453699665649077
911,2020-06-30,1.4570887367040652
912,2020-07-01,1.4503263234227701
913,2020-07-02,1.4442518775274407
914,2020-07-03,1.443001443001443
915,2020-07-04,1.440103849742404
916,2020-07-05,1.437206256483365
917,2020-07-06,1.4343086632243258
918,2020-07-07,1.4371945961483186
919,2020-07-08,1.4407145944388415
920,2020-07-09,1.43143429716576
921,2020-07-10,1.4427932477276004
922,2020-07-11,1.4395539584067256
923,2020-07-12,1.4363146690858506
924,2020-07-13,1.4330753797649758
925,2020-07-14,1.4405070584845865
926,2020-07-15,1.4285714285714286
927,2020-07-16,1.4300014300014299
928,2020-07-17,1.4322543683758235
929,2020-07-18,1.4319127209428824
930,2020-07-19,1.4315710735099414
931,2020-07-20,1.4312294260770002
932,2020-07-21,1.4204545454545456
933,2020-07-22,1.3982102908277405
934,2020-07-23,1.3984058173682004
935,2020-07-24,1.4112334180073385
936,2020-07-25,1.4083960384321612
937,2020-07-26,1.405558658856984
938,2020-07-27,1.4027212792818067
939,2020-07-28,1.400364094664613
940,2020-07-29,1.3956734124214933
941,2020-07-30,1.396843134515994
942,2020-07-31,1.3863856924996534
943,2020-08-01,1.390322079245744
944,2020-08-02,1.3942584659918347
945,2020-08-03,1.398194852737925
946,2020-08-04,1.4021312394840157
947,2020-08-05,1.392563709789723
948,2020-08-06,1.3875398917718884
949,2020-08-07,1.3875398917718884
950,2020-08-08,1.3902510653217568
951,2020-08-09,1.392962238871625
952,2020-08-10,1.3956734124214933
953,2020-08-11,1.3933398355858995
954,2020-08-12,1.4048890137679124
955,2020-08-13,1.3943112102621307
956,2020-08-14,1.397233477714126
957,2020-08-15,1.3955476421569972
958,2020-08-16,1.3938618065998685
959,2020-08-17,1.3921759710427397
960,2020-08-18,1.3840830449826989
961,2020-08-19,1.3795006207752794
962,2020-08-20,1.3943112102621307
963,2020-08-21,1.3881177123820099
964,2020-08-22,1.38979371593555
965,2020-08-23,1.3914697194890902
966,2020-08-24,1.3931457230426303
967,2020-08-25,1.3939224979091163
968,2020-08-26,1.3902405116085081
969,2020-08-27,1.381788033715628
970,2020-08-28,1.3700506918755995
971,2020-08-29,1.3666351906493661
972,2020-08-30,1.363219689423133
973,2020-08-31,1.3598041881968996
974,2020-09-01,1.3491635186184565
975,2020-09-02,1.358695652173913
976,2020-09-03,1.368738023542294
977,2020-09-04,1.375515818431912
978,2020-09-05,1.3749489071178174
979,2020-09-06,1.3743819958037224
980,2020-09-07,1.3738150844896277
981,2020-09-08,1.3719303059404582
982,2020-09-09,1.3840830449826989
983,2020-09-10,1.3736263736263736
984,2020-09-11,1.373437714599643
985,2020-09-12,1.3730607590034856
986,2020-09-13,1.372683803407328
987,2020-09-14,1.3723068478111706
988,2020-09-15,1.3646288209606987
989,2020-09-16,1.3678019422787582
990,2020-09-17,1.3740038472107723
991,2020-09-18,1.366120218579235
992,2020-09-19,1.3664314785971385
993,2020-09-20,1.3667427386150424
994,2020-09-21,1.367053998632946
995,2020-09-22,1.3863856924996534
996,2020-09-23,1.4015416958654519
997,2020-09-24,1.4200511218403862
998,2020-09-25,1.41622999575131
999,2020-09-26,1.417033644493402
1000,2020-09-27,1.4178372932354937
1001,2020-09-28,1.4186409419775856
1002,2020-09-29,1.411631846414455
1003,2020-09-30,1.4068655036578503
1004,2020-10-01,1.391207568169171
1005,2020-10-02,1.4007564084605688
1006,2020-10-03,1.3982240995591662
1007,2020-10-04,1.3956917906577633
1008,2020-10-05,1.3931594817563604
1009,2020-10-06,1.3906271728549577
1010,2020-10-07,1.403705783267827
1011,2020-10-08,1.3995801259622114
1012,2020-10-09,1.3929516645772393
1013,2020-10-10,1.389740174595736
1014,2020-10-11,1.3865286846142326
1015,2020-10-12,1.3833171946327294
1016,2020-10-13,1.3917884481558802
1017,2020-10-14,1.394700139470014
1018,2020-10-15,1.4013452914798206
1019,2020-10-16,1.4140271493212668
1020,2020-10-17,1.4130959055499575
1021,2020-10-18,1.4121646617786479
1022,2020-10-19,1.4112334180073385
1023,2020-10-20,1.419849495953429
1024,2020-10-21,1.4122299110295158
1025,2020-10-22,1.4098406880022556
1026,2020-10-23,1.4058765640376774
1027,2020-10-24,1.4056789984721858
1028,2020-10-25,1.4054814329066945
1029,2020-10-26,1.405283867341203
1030,2020-10-27,1.4017381553125876
1031,2020-10-28,1.3995801259622114
1032,2020-10-29,1.416029453412631
1033,2020-10-30,1.4196479273140261
1034,2020-10-31,1.4226224277331603
1035,2020-11-01,1.4255969281522944
1036,2020-11-02,1.4285714285714286
1037,2020-11-03,1.4224751066856332
1038,2020-11-04,1.4074595355383532
1039,2020-11-05,1.3954786491766675
1040,2020-11-06,1.3770311209033326
1041,2020-11-07,1.3751427074078535
1042,2020-11-08,1.3732542939123744
1043,2020-11-09,1.3713658804168953
1044,2020-11-10,1.3732491073880804
1045,2020-11-11,1.3681762210972774
1046,2020-11-12,1.375515818431912
1047,2020-11-13,1.3831258644536653
1048,2020-11-14,1.3793312804633946
1049,2020-11-15,1.375536696473124
1050,2020-11-16,1.3717421124828533
1051,2020-11-17,1.3657470636438132
1052,2020-11-18,1.3708019191226868
1053,2020-11-19,1.3708019191226868
1054,2020-11-20,1.3708019191226868
1055,2020-11-21,1.369677235475109
1056,2020-11-22,1.3685525518275314
1057,2020-11-23,1.3674278681799537
1058,2020-11-24,1.3666803334700013
1059,2020-11-25,1.3594344752582925
1060,2020-11-26,1.358326541700625
1061,2020-11-27,1.3559322033898304
1062,2020-11-28,1.3548317579386822
1063,2020-11-29,1.353731312487534
1064,2020-11-30,1.3526308670363858
1065,2020-12-01,1.3572204125950054
1066,2020-12-02,1.3559322033898304
1067,2020-12-03,1.3497098123903362
1068,2020-12-04,1.3462574044157243
1069,2020-12-05,1.3461366096732912
1070,2020-12-06,1.3460158149308583
1071,2020-12-07,1.3458950201884252
1072,2020-12-08,1.3466199838405601
1073,2020-12-09,1.3437248051599033
1074,2020-12-10,1.337255950788981
1075,2020-12-11,1.3225763787858749
1076,2020-12-12,1.3238042348404506
1077,2020-12-13,1.3250320908950264
1078,2020-12-14,1.3262599469496021
1079,2020-12-15,1.3312034078807242
1080,2020-12-16,1.3220518244315178
1081,2020-12-17,1.3180440226703571
1082,2020-12-18,1.316829075585989
1083,2020-12-19,1.3182207047279557
1084,2020-12-20,1.3196123338699224
1085,2020-12-21,1.321003963011889
1086,2020-12-22,1.323276432446738
1087,2020-12-23,1.3241525423728815
1088,2020-12-24,1.3189132155104195
1089,2020-12-25,1.3184270442356132
1090,2020-12-26,1.3179408729608066
1091,2020-12-27,1.3174547016860003
1092,2020-12-28,1.3169685304111938
1093,2020-12-29,1.3164823591363874
1094,2020-12-30,1.3059945148230376
1095,2020-12-31,1.2983640612827838
1096,2021-01-01,1.2983219230229732
1097,2021-01-02,1.2982797847631626
1098,2021-01-03,1.298237646503352
1099,2021-01-04,1.2981955082435415
1100,2021-01-05,1.2985326580963512
1101,2021-01-06,1.2876641771825907
1102,2021-01-07,1.2828736369467608
1103,2021-01-08,1.287166945552838
1104,2021-01-09,1.2911804581802602
1105,2021-01-10,1.2951939708076823
1106,2021-01-11,1.2992074834351044
1107,2021-01-12,1.300221037576388
1108,2021-01-13,1.2881617931212161
1109,2021-01-14,1.2901561088891755
1110,2021-01-15,1.2876641771825907
1111,2021-01-16,1.2921881762436096
1112,2021-01-17,1.2967121753046287
1113,2021-01-18,1.3012361743656475
1114,2021-01-19,1.2956724540036277
1115,2021-01-20,1.295001295001295
1116,2021-01-21,1.2868356710848023
1117,2021-01-22,1.2909888974954815
1118,2021-01-23,1.2914337976066197
1119,2021-01-24,1.291878697717758
1120,2021-01-25,1.2923235978288963
1121,2021-01-26,1.2924906510344067
1122,2021-01-27,1.2926577042399174
1123,2021-01-28,1.3109596224436286
1124,2021-01-29,1.3080444735120995
1125,2021-01-30,1.3076456099768763
1126,2021-01-31,1.3072467464416528
1127,2021-02-01,1.3068478829064296
1128,2021-02-02,1.3118194936376755
1129,2021-02-03,1.3135426244581636
1130,2021-02-04,1.311647429171039
1131,2021-02-05,1.3170025023047545
1132,2021-02-06,1.3124254051161546
1133,2021-02-07,1.3078483079275547
1134,2021-02-08,1.3032712107389548
1135,2021-02-09,1.2941633234114145
1136,2021-02-10,1.2919896640826873
1137,2021-02-11,1.292824822236587
1138,2021-02-12,1.2911555842479019
1139,2021-02-13,1.2891092912376572
1140,2021-02-14,1.2870629982274124
1141,2021-02-15,1.2850167052171677
1142,2021-02-16,1.2827090815802977
1143,2021-02-17,1.2898232942086933
1144,2021-02-18,1.2896569512509672
1145,2021-02-19,1.287001287001287
1146,2021-02-20,1.2812275382107785
1147,2021-02-21,1.2754537894202698
1148,2021-02-22,1.2696800406297613
1149,2021-02-23,1.2621481761958855
1150,2021-02-24,1.2637432073802604
1151,2021-02-25,1.2547051442910915
1152,2021-02-26,1.2773023374632775
1153,2021-02-27,1.2819200863914857
1154,2021-02-28,1.2865378353196937
1155,2021-03-01,1.2911555842479019
1156,2021-03-02,1.2894906511927788
1157,2021-03-03,1.2784454103809768
1158,2021-03-04,1.2832028743744386
1159,2021-03-05,1.2971851083149566
1160,2021-03-06,1.2975780926375657
1161,2021-03-07,1.2979710769601747
1162,2021-03-08,1.2983640612827838
1163,2021-03-09,1.3049719431032234
1164,2021-03-10,1.3014055179593962
1165,2021-03-11,1.290822253775655
1166,2021-03-12,1.2845215157353886
1167,2021-03-13,1.2865107089459737
1168,2021-03-14,1.288499902156559
1169,2021-03-15,1.2904890953671442
1170,2021-03-16,1.2898232942086933
1171,2021-03-17,1.2924906294429364
1172,2021-03-18,1.2776287210936503
1173,2021-03-19,1.2898232942086933
1174,2021-03-20,1.29132580645926
1175,2021-03-21,1.2928283187098268
1176,2021-03-22,1.2943308309603936
1177,2021-03-23,1.2987012987012987
1178,2021-03-24,1.3156163662675964
1179,2021-03-25,1.3157894736842106
1180,2021-03-26,1.3135426244581636
1181,2021-03-27,1.3125098298379632
1182,2021-03-28,1.311477035217763
1183,2021-03-29,1.3104442405975625
1184,2021-03-30,1.3068478829064296
1185,2021-03-31,1.3154433043935807
1186,2021-04-01,1.3257324671881214
1187,2021-04-02,1.3220922499011247
1188,2021-04-03,1.318452032614128
1189,2021-04-04,1.3148118153271313
1190,2021-04-05,1.3111715980401346
1191,2021-04-06,1.307531380753138
1192,2021-04-07,1.3054830287206267
1193,2021-04-08,1.3092432573972244
1194,2021-04-09,1.3133701076963489
1195,2021-04-10,1.3138882024133889
1196,2021-04-11,1.314406297130429
1197,2021-04-12,1.314924391847469
1198,2021-04-13,1.315097317201473
1199,2021-04-14,1.3034410844629822
1200,2021-04-15,1.2960082944530846
1201,2021-04-16,1.2911555842479019
1202,2021-04-17,1.2915449221082334
1203,2021-04-18,1.2919342599685648
1204,2021-04-19,1.2923235978288963
1205,2021-04-20,1.2815583749839805
1206,2021-04-21,1.2961762799740766
1207,2021-04-22,1.2911555842479019
1208,2021-04-23,1.29315918789603
1209,2021-04-24,1.2910513489589541
1210,2021-04-25,1.2889435100218782
1211,2021-04-26,1.2868356710848023
1212,2021-04-27,1.282215668675471
1213,2021-04-28,1.2911555842479019
1214,2021-04-29,1.2827090815802977
1215,2021-04-30,1.286008230452675
1216,2021-05-01,1.2894535899846111
1217,2021-05-02,1.2928989495165473
1218,2021-05-03,1.2963443090484834
1219,2021-05-04,1.2914890869172155
1220,2021-05-05,1.2944983818770228
1221,2021-05-06,1.291822761917065
1222,2021-05-07,1.2858428700012858
1223,2021-05-08,1.2815327212092755
1224,2021-05-09,1.277222572417265
1225,2021-05-10,1.2729124236252547
1226,2021-05-11,1.2756729174639623
1227,2021-05-12,1.2828736369467608
1228,2021-05-13,1.2971851083149566
1229,2021-05-14,1.2926577042399174
1230,2021-05-15,1.2918238391230035
1231,2021-05-16,1.2909899740060895
1232,2021-05-17,1.2901561088891755
1233,2021-05-18,1.284191601386927
1234,2021-05-19,1.283532280836863
1235,2021-05-20,1.2904890953671442
1236,2021-05-21,1.289324394017535
1237,2021-05-22,1.2902684658053756
1238,2021-05-23,1.2912125375932164
1239,2021-05-24,1.292156609381057
1240,2021-05-25,1.2898232942086933
1241,2021-05-26,1.284191601386927
1242,2021-05-27,1.2906556530717603
1243,2021-05-28,1.2941633234114145
1244,2021-05-29,1.2942750095666173
1245,2021-05-30,1.29438669572182
1246,2021-05-31,1.2944983818770228
1247,2021-06-01,1.2913223140495869
1248,2021-06-02,1.2916559028674761
1249,2021-06-03,1.29315918789603
1250,2021-06-04,1.3066771200836274
1251,2021-06-05,1.3021154078723192
1252,2021-06-06,1.2975536956610108
1253,2021-06-07,1.2929919834497026
1254,2021-06-08,1.2914890869172155
1255,2021-06-09,1.2919896640826873
1256,2021-06-10,1.2924906294429364
1257,2021-06-11,1.2896569512509672
1258,2021-06-12,1.2912447870514967
1259,2021-06-13,1.292832622852026
1260,2021-06-14,1.2944204586525552
1261,2021-06-15,1.2960082944530846
1262,2021-06-16,1.2997140629061608
1263,2021-06-17,1.310272536687631
1264,2021-06-18,1.326787846623325
1265,2021-06-19,1.3289696755266611
1266,2021-06-20,1.331151504429997
1267,2021-06-21,1.3333333333333333
1268,2021-06-22,1.3317352510320948
1269,2021-06-23,1.3253810470510272
1270,2021-06-24,1.321178491214163
1271,2021-06-25,1.316829075585989
1272,2021-06-26,1.3170025479974745
1273,2021-06-27,1.3171760204089598
1274,2021-06-28,1.3173494928204452
1275,2021-06-29,1.322226629644321
1276,2021-06-30,1.3301409949454641
1277,2021-07-01,1.3363624214887078
1278,2021-07-02,1.339405304045004
1279,2021-07-03,1.336612276435522
1280,2021-07-04,1.33381924882604
1281,2021-07-05,1.331026221216558
1282,2021-07-06,1.3196093956188968
1283,2021-07-07,1.3326226012793179
1284,2021-07-08,1.3404825737265416
1285,2021-07-09,1.3464386697185942
1286,2021-07-10,1.343616324812842
1287,2021-07-11,1.34079397990709
1288,2021-07-12,1.337971635001338
1289,2021-07-13,1.3354700854700854
1290,2021-07-14,1.3404825737265416
1291,2021-07-15,1.337255950788981
1292,2021-07-16,1.3442667025137787
1293,2021-07-17,1.3477266141024757
1294,2021-07-18,1.351186525691173
1295,2021-07-19,1.35464643727987
1296,2021-07-20,1.3653741125068268
1297,2021-07-21,1.3702384214853385
1298,2021-07-22,1.3594344752582925
1299,2021-07-23,1.357773251866938
1300,2021-07-24,1.3585118746069718
1301,2021-07-25,1.3592504973470056
1302,2021-07-26,1.3599891200870393
1303,2021-07-27,1.3564839934888768
1304,2021-07-28,1.3585110718652358
1305,2021-07-29,1.3544629554381689
1306,2021-07-30,1.3548299688389107
1307,2021-07-31,1.3540973312999955
1308,2021-08-01,1.3533646937610804
1309,2021-08-02,1.3526320562221652
1310,2021-08-03,1.35189941868325
1311,2021-08-04,1.35189941868325
1312,2021-08-05,1.352265043948614
1313,2021-08-06,1.3529968881071575
1314,2021-08-07,1.355081156794378
1315,2021-08-08,1.3571654254815984
1316,2021-08-09,1.3592496941688188
1317,2021-08-10,1.364256480218281
1318,2021-08-11,1.362769146906514
1319,2021-08-12,1.357773251866938
1320,2021-08-13,1.362954886193267
1321,2021-08-14,1.363016816168103
1322,2021-08-15,1.3630787461429392
1323,2021-08-16,1.3631406761177753
1324,2021-08-17,1.3678019422787582
1325,2021-08-18,1.3776002204160354
1326,2021-08-19,1.3908205841446455
1327,2021-08-20,1.401934669844385
1328,2021-08-21,1.4001074496816686
1329,2021-08-22,1.3982802295189518
1330,2021-08-23,1.3964530093562353
1331,2021-08-24,1.3823610727121924
1332,2021-08-25,1.3802622498274673
1333,2021-08-26,1.3766519823788546
1334,2021-08-27,1.3798813302056023
1335,2021-08-28,1.3767296209867323
1336,2021-08-29,1.3735779117678626
1337,2021-08-30,1.3704262025489926
1338,2021-08-31,1.3633265167007498
1339,2021-09-01,1.36518771331058
1340,2021-09-02,1.3550135501355014
1341,2021-09-03,1.347164219318335
1342,2021-09-04,1.3464394504041086
1343,2021-09-05,1.3457146814898822
1344,2021-09-06,1.3449899125756557
1345,2021-09-07,1.3473457289140394
1346,2021-09-08,1.354279523293608
1347,2021-09-09,1.3607293509320997
1348,2021-09-10,1.35464643727987
1349,2021-09-11,1.356735803042323
1350,2021-09-12,1.358825168804776
1351,2021-09-13,1.360914534567229
1352,2021-09-14,1.3623978201634879
1353,2021-09-15,1.365560562610952
1354,2021-09-16,1.3666803334700013
1355,2021-09-17,1.3693002875530604
1356,2021-09-18,1.373208431816205
1357,2021-09-19,1.3771165760793496
1358,2021-09-20,1.3810247203424941
1359,2021-09-21,1.3758943313153549
1360,2021-09-22,1.3793103448275863
1361,2021-09-23,1.3804527885146327
1362,2021-09-24,1.3704262025489926
1363,2021-09-25,1.3712414844743603
1364,2021-09-26,1.3720567663997283
1365,2021-09-27,1.372872048325096
1366,2021-09-28,1.3679890560875514
1367,2021-09-29,1.3785497656465397
1368,2021-09-30,1.3877324451845683
1369,2021-10-01,1.3867702121758425
1370,2021-10-02,1.384193281981159
1371,2021-10-03,1.381616351786476
1372,2021-10-04,1.3790394215917927
1373,2021-10-05,1.3764624913971093
1374,2021-10-06,1.3774104683195594
1375,2021-10-07,1.373437714599643
1376,2021-10-08,1.3702384214853385
1377,2021-10-09,1.3689279051647485
1378,2021-10-10,1.3676173888441587
1379,2021-10-11,1.3663068725235687
1380,2021-10-12,1.3607293509320997
1381,2021-10-13,1.3623978201634879
1382,2021-10-14,1.353546291283162
1383,2021-10-15,1.3473457289140394
1384,2021-10-16,1.3484983953487895
1385,2021-10-17,1.3496510617835398
1386,2021-10-18,1.3508037282182899
1387,2021-10-19,1.341381623071764
1388,2021-10-20,1.3335111348179758
1389,2021-10-21,1.3319126265316994
1390,2021-10-22,1.3374348000534972
1391,2021-10-23,1.3368393524776754
1392,2021-10-24,1.3362439049018535
1393,2021-10-25,1.3356484573260317
1394,2021-10-26,1.3306719893546242
1395,2021-10-27,1.3287270794578794
1396,2021-10-28,1.3315579227696406
1397,2021-10-29,1.3252054068380599
1398,2021-10-30,1.3276186167727861
1399,2021-10-31,1.3300318267075124
1400,2021-11-01,1.3324450366422387
1401,2021-11-02,1.3338668800853675
1402,2021-11-03,1.3449899125756557
1403,2021-11-04,1.342642320085929
1404,2021-11-05,1.35189941868325
1405,2021-11-06,1.3518385058501112
1406,2021-11-07,1.3517775930169722
1407,2021-11-08,1.3517166801838334
1408,2021-11-09,1.349527665317139
1409,2021-11-10,1.3572204125950054
1410,2021-11-11,1.3691128148959473
1411,2021-11-12,1.3723068478111706
1412,2021-11-13,1.3688183016457784
1413,2021-11-14,1.365329755480386
1414,2021-11-15,1.3618412093149939
1415,2021-11-16,1.3598041881968996
1416,2021-11-17,1.372872048325096
1417,2021-11-18,1.3749484394335214
1418,2021-11-19,1.374759417102007
1419,2021-11-20,1.3760862219992516
1420,2021-11-21,1.3774130268964961
1421,2021-11-22,1.3787398317937407
1422,2021-11-23,1.3848497438027976
1423,2021-11-24,1.3871549452073797
1424,2021-11-25,1.3881177123820099
1425,2021-11-26,1.4001680201624196
1426,2021-11-27,1.4002987548048251
1427,2021-11-28,1.4004294894472304
1428,2021-11-29,1.400560224089636
1429,2021-11-30,1.3997760358342664
1430,2021-12-01,1.3948946854512485
1431,2021-12-02,1.4088475626937165
1432,2021-12-03,1.4132278123233466
1433,2021-12-04,1.4166477230435597
1434,2021-12-05,1.4200676337637728
1435,2021-12-06,1.4234875444839858
1436,2021-12-07,1.4142271248762552
1437,2021-12-08,1.401934669844385
1438,2021-12-09,1.3939224979091163
1439,2021-12-10,1.3984058173682004
1440,2021-12-11,1.396781878988685
1441,2021-12-12,1.3951579406091696
1442,2021-12-13,1.3935340022296543
1443,2021-12-14,1.4076576576576576
1444,2021-12-15,1.405678942929435
1445,2021-12-16,1.3966480446927374
1446,2021-12-17,1.3952839402818473
1447,2021-12-18,1.3990784950029214
1448,2021-12-19,1.4028730497239956
1449,2021-12-20,1.4066676044450697
1450,2021-12-21,1.4058765640376774
1451,2021-12-22,1.401934669844385
1452,2021-12-23,1.3869625520110958
1453,2021-12-24,1.3827433628318584
1454,2021-12-25,1.3827051285345313
1455,2021-12-26,1.3826668942372042
1456,2021-12-27,1.3826286599398774
1457,2021-12-28,1.3825904256425503
1458,2021-12-29,1.3825521913452232
1459,2021-12-30,1.3777900248002204
1460,2021-12-31,1.3781697905181918
1461,2022-01-01,1.3803198959326044
1462,2022-01-02,1.3824700013470173
1463,2022-01-03,1.3846201067614299
1464,2022-01-04,1.3867702121758425
1465,2022-01-05,1.3827433628318584
1466,2022-01-06,1.3933398355858995
1467,2022-01-07,1.3962580284836639
1468,2022-01-08,1.3942521895252786
1469,2022-01-09,1.3922463505668934
1470,2022-01-10,1.3902405116085081
1471,2022-01-11,1.3915947676036737
1472,2022-01-12,1.3854253255749516
1473,2022-01-13,1.3715539706487452
1474,2022-01-14,1.373060551970342
1475,2022-01-15,1.3778869985708575
1476,2022-01-16,1.382713445171373
1477,2022-01-17,1.3875398917718884
1478,2022-01-18,1.389854065323141
1479,2022-01-19,1.391207568169171
1480,2022-01-20,1.3815971262779774
1481,2022-01-21,1.3904338153503895
1482,2022-01-22,1.3912084302893033
1483,2022-01-23,1.3919830452282171
1484,2022-01-24,1.392757660167131
1485,2022-01-25,1.401934669844385
1486,2022-01-26,1.406982584851591
1487,2022-01-27,1.412030499858797
1488,2022-01-28,1.4228799089356858
1489,2022-01-29,1.4240299568818613
1490,2022-01-30,1.4251800048280365
1491,2022-01-31,1.426330052774212
1492,2022-02-01,1.4152278516841212
1493,2022-02-02,1.4017381553125876
1494,2022-02-03,1.404494382022472
1495,2022-02-04,1.3986013986013988
1496,2022-02-05,1.4024140927694229
1497,2022-02-06,1.4062267869374467
1498,2022-02-07,1.4100394811054708
1499,2022-02-08,1.404297149276787
1500,2022-02-09,1.3952839402818473
1501,2022-02-10,1.3937282229965156
1502,2022-02-11,1.404494382022472
1503,2022-02-12,1.4046259259376188
1504,2022-02-13,1.4047574698527656
1505,2022-02-14,1.4048890137679124
1506,2022-02-15,1.4031149151115476
1507,2022-02-16,1.397624039133473
1508,2022-02-17,1.3943112102621307
1509,2022-02-18,1.3877324451845683
1510,2022-02-19,1.3871554254568408
1511,2022-02-20,1.3865784057291135
1512,2022-02-21,1.386001386001386
1513,2022-02-22,1.3885031935573453
1514,2022-02-23,1.38217000691085
1515,2022-02-24,1.3892747985551541
1516,2022-02-25,1.3892747985551541
1517,2022-02-26,1.3903064701775845
1518,2022-02-27,1.3913381418000148
1519,2022-02-28,1.3923698134224451
1520,2022-03-01,1.3774104683195594
1521,2022-03-02,1.3757050488375293
1522,2022-03-03,1.369675386933297
1523,2022-03-04,1.3588802826470987
1524,2022-03-05,1.3552170388604776
1525,2022-03-06,1.3515537950738565
1526,2022-03-07,1.3478905512872354
1527,2022-03-08,1.3681762210972774
1528,2022-03-09,1.3726835964310227
1529,2022-03-10,1.3659336156262807
1530,2022-03-11,1.3631406761177753
1531,2022-03-12,1.368023792345257
1532,2022-03-13,1.3729069085727388
1533,2022-03-14,1.3777900248002204
1534,2022-03-15,1.3915947676036737
1535,2022-03-16,1.3875398917718884
1536,2022-03-17,1.3664935774801859
1537,2022-03-18,1.3550135501355014
1538,2022-03-19,1.3535494620208224
1539,2022-03-20,1.3520853739061431
1540,2022-03-21,1.3506212857914641
1541,2022-03-22,1.352447930754666
1542,2022-03-23,1.340662287169862
1543,2022-03-24,1.3381506757660913
1544,2022-03-25,1.3287270794578794
1545,2022-03-26,1.3288448117881522
1546,2022-03-27,1.3289625441184247
1547,2022-03-28,1.3290802764486975
1548,2022-03-29,1.3365410318096766
1549,2022-03-30,1.3285505513484788
1550,2022-03-31,1.3365410318096766
1551,2022-04-01,1.3374348000534972
1552,2022-04-02,1.3352395606070426
1553,2022-04-03,1.3330443211605882
1554,2022-04-04,1.3308490817141336
1555,2022-04-05,1.3131976362442548
1556,2022-04-06,1.3206550449022716
1557,2022-04-07,1.3363624214887078
1558,2022-04-08,1.3363624214887078
1559,2022-04-09,1.3384557210211148
1560,2022-04-10,1.340549020553522
1561,2022-04-11,1.342642320085929
1562,2022-04-12,1.3453518094981838
1563,2022-04-13,1.3421017313112333
1564,2022-04-14,1.3408420488066506
1565,2022-04-15,1.3439336417579204
1566,2022-04-16,1.3470252347091904
1567,2022-04-17,1.3501168276604603
1568,2022-04-18,1.3532084206117303
1569,2022-04-19,1.3563000135630001
1570,2022-04-20,1.3466199838405601
1571,2022-04-21,1.3433637829124128
1572,2022-04-22,1.3633265167007498
1573,2022-04-23,1.3687552753371968
1574,2022-04-24,1.3741840339736435
1575,2022-04-25,1.3796127926100905
1576,2022-04-26,1.3850415512465375
1577,2022-04-27,1.3929516645772393
1578,2022-04-28,1.4092446448703495
1579,2022-04-29,1.3989927252378287
1580,2022-04-30,1.4059449821430288
1581,2022-05-01,1.4128972390482288
1582,2022-05-02,1.419849495953429
1583,2022-05-03,1.4070634585619812
1584,2022-05-04,1.4064697609001406
1585,2022-05-05,1.3810247203424941
1586,2022-05-06,1.409443269908386
1587,2022-05-07,1.4156833072358868
1588,2022-05-08,1.4219233445633876
1589,2022-05-09,1.4281633818908883
1590,2022-05-10,1.4336917562724014
1591,2022-05-11,1.4378145219266714
1592,2022-05-12,1.453699665649077
1593,2022-05-13,1.4496955639315745
1594,2022-05-14,1.4503268727850793
1595,2022-05-15,1.4509581816385841
1596,2022-05-16,1.451589490492089
1597,2022-05-17,1.4271442842871414
1598,2022-05-18,1.4216661927779357
1599,2022-05-19,1.429388221841052
1600,2022-05-20,1.4204545454545456
1601,2022-05-21,1.4156611105430004
1602,2022-05-22,1.410867675631455
1603,2022-05-23,1.4060742407199098
1604,2022-05-24,1.4118311449950585
1605,2022-05-25,1.4070634585619812
1606,2022-05-26,1.4152278516841212
1607,2022-05-27,1.4017381553125876
1608,2022-05-28,1.3984861644177458
1609,2022-05-29,1.3952341735229041
1610,2022-05-30,1.3919821826280623
1611,2022-05-31,1.3914011409489355
1612,2022-06-01,1.3950892857142858
1613,2022-06-02,1.397233477714126
1614,2022-06-03,1.37797988149373
1615,2022-06-04,1.3815519258099662
1616,2022-06-05,1.3851239701262026
1617,2022-06-06,1.3886960144424387
1618,2022-06-07,1.3933398355858995
1619,2022-06-08,1.3885031935573453
1620,2022-06-09,1.3935340022296543
1621,2022-06-10,1.404297149276787
1622,2022-06-11,1.4121088797583368
1623,2022-06-12,1.4199206102398865
1624,2022-06-13,1.4277323407214362
1625,2022-06-14,1.4355440712029859
1626,2022-06-15,1.4480162177816391
1627,2022-06-16,1.4287755393627661
1628,2022-06-17,1.426126640045636
1629,2022-06-18,1.4291971007318258
1630,2022-06-19,1.4322675614180158
1631,2022-06-20,1.4353380221042056
1632,2022-06-21,1.4367816091954024
1633,2022-06-22,1.445713459592309
1634,2022-06-23,1.4496955639315745
1635,2022-06-24,1.447596988998263
1636,2022-06-25,1.4460651403326563
1637,2022-06-26,1.4445332916670497
1638,2022-06-27,1.443001443001443
1639,2022-06-28,1.443418013856813
1640,2022-06-29,1.4496955639315745
1641,2022-06-30,1.451589490492089
1642,2022-07-01,1.4641288433382136
1643,2022-07-02,1.463843187530324
1644,2022-07-03,1.4635575317224345
1645,2022-07-04,1.4632718759145449
1646,2022-07-05,1.4549687181725592
1647,2022-07-06,1.474056603773585
1648,2022-07-07,1.465845793022574
1649,2022-07-08,1.4654161781946073
1650,2022-07-09,1.4662048458378452
1651,2022-07-10,1.4669935134810832
1652,2022-07-11,1.467782181124321
1653,2022-07-12,1.488095238095238
1654,2022-07-13,1.476886722788362
1655,2022-07-14,1.4799467219180111
1656,2022-07-15,1.4858841010401187
1657,2022-07-16,1.4806413461996362
1658,2022-07-17,1.4753985913591534
1659,2022-07-18,1.4701558365186709
1660,2022-07-19,1.4596409283316303
1661,2022-07-20,1.446759259259259
1662,2022-07-21,1.4471780028943562
1663,2022-07-22,1.4480162177816391
1664,2022-07-23,1.4478066337292754
1665,2022-07-24,1.4475970496769115
1666,2022-07-25,1.4473874656245478
1667,2022-07-26,1.4365752047119666
1668,2022-07-27,1.4409221902017293
1669,2022-07-28,1.429388221841052
1670,2022-07-29,1.4271442842871414
1671,2022-07-30,1.429760168361992
1672,2022-07-31,1.4323760524368425
1673,2022-08-01,1.4349919365116932
1674,2022-08-02,1.437607820586544
1675,2022-08-03,1.442169022209403
1676,2022-08-04,1.4365752047119666
1677,2022-08-05,1.4351320321469576
1678,2022-08-06,1.4372698002982505
1679,2022-08-07,1.4394075684495433
1680,2022-08-08,1.4415453366008362
1681,2022-08-09,1.4336917562724014
1682,2022-08-10,1.437607820586544
1683,2022-08-11,1.4134275618374559
1684,2022-08-12,1.4040999719180005
1685,2022-08-13,1.4066770296103532
1686,2022-08-14,1.4092540873027057
1687,2022-08-15,1.4118311449950585
1688,2022-08-16,1.4208581983518045
1689,2022-08-17,1.4236902050113895
1690,2022-08-18,1.4436263894904
1691,2022-08-19,1.4463407578825571
1692,2022-08-20,1.4478797159340862
1693,2022-08-21,1.4494186739856154
1694,2022-08-22,1.4509576320371445
1695,2022-08-23,1.4541224371092047
1696,2022-08-24,1.448225923244026
1697,2022-08-25,1.4378145219266714
1698,2022-08-26,1.4374011786689664
1699,2022-08-27,1.4443178072627367
1700,2022-08-28,1.4512344358565068
1701,2022-08-29,1.458151064450277
1702,2022-08-30,1.448225923244026
1703,2022-08-31,1.4488554042306576
1704,2022-09-01,1.4632718759145449
1705,2022-09-02,1.4727540500736376
1706,2022-09-03,1.4731158172193202
1707,2022-09-04,1.4734775843650028
1708,2022-09-05,1.4738393515106853
1709,2022-09-06,1.4705882352941175
1710,2022-09-07,1.4900908955446281
1711,2022-09-08,1.4834594273846609
1712,2022-09-09,1.4645577035735209
1713,2022-09-10,1.4634875898050177
1714,2022-09-11,1.4624174760365143
1715,2022-09-12,1.461347362268011
1716,2022-09-13,1.4547570555717195
1717,2022-09-14,1.48720999405116
1718,2022-09-15,1.4819205690574986
1719,2022-09-16,1.4920919128618322
1720,2022-09-17,1.4926863125880994
1721,2022-09-18,1.4932807123143663
1722,2022-09-19,1.4938751120406335
1723,2022-09-20,1.488095238095238
1724,2022-09-21,1.4999250037498126
1725,2022-09-22,1.5047934197493025
1726,2022-09-23,1.5096618357487923
1727,2022-09-24,1.5194985323338879
1728,2022-09-25,1.5293352289189832
1729,2022-09-26,1.5391719255040788
1730,2022-09-27,1.5382248884786955
1731,2022-09-28,1.5659254619480114
1732,2022-09-29,1.5465511908444172
1733,2022-09-30,1.5379883112888342
1734,2022-10-01,1.5396512581808672
1735,2022-10-02,1.5413142050729003
1736,2022-10-03,1.5429771519649333
1737,2022-10-04,1.5446400988569664
1738,2022-10-05,1.5410695022345506
1739,2022-10-06,1.5302218821729152
1740,2022-10-07,1.5612802498048401
1741,2022-10-08,1.5670308216273257
1742,2022-10-09,1.5727813934498114
1743,2022-10-10,1.5785319652722969
1744,2022-10-11,1.6
1745,2022-10-12,1.5946420028703556
1746,2022-10-13,1.5936254980079683
1747,2022-10-14,1.58052789631737
1748,2022-10-15,1.5887307430772835
1749,2022-10-16,1.5969335898371972
1750,2022-10-17,1.6051364365971108
1751,2022-10-18,1.5817779183802594
1752,2022-10-19,1.5842839036755387
1753,2022-10-20,1.598976654940838
1754,2022-10-21,1.5961691939345573
1755,2022-10-22,1.5893780549121441
1756,2022-10-23,1.582586915889731
1757,2022-10-24,1.5757957768673179
1758,2022-10-25,1.58102766798419
1759,2022-10-26,1.561767921286897
1760,2022-10-27,1.5358623867301489
1761,2022-10-28,1.5458339774308238
1762,2022-10-29,1.549766784538514
1763,2022-10-30,1.553699591646204
1764,2022-10-31,1.557632398753894
1765,2022-11-01,1.5569048731122528
1766,2022-11-02,1.5595757953836558
1767,2022-11-03,1.5701051970482023
1768,2022-11-04,1.575299306868305
1769,2022-11-05,1.568602855693437
1770,2022-11-06,1.5619064045185693
1771,2022-11-07,1.5552099533437014
1772,2022-11-08,1.547029702970297
1773,2022-11-09,1.5384615384615383
1774,2022-11-10,1.5578750584203147
1775,2022-11-11,1.5103458692040477
1776,2022-11-12,1.5057498850664917
1777,2022-11-13,1.5011539009289359
1778,2022-11-14,1.4965579167913798
1779,2022-11-15,1.4934289127837514
1780,2022-11-16,1.482799525504152
1781,2022-11-17,1.4907573047107932
1782,2022-11-18,1.4916467780429594
1783,2022-11-19,1.4960614838320005
1784,2022-11-20,1.5004761896210417
1785,2022-11-21,1.5048908954100828
1786,2022-11-22,1.5096618357487923
1787,2022-11-23,1.5062509414068384
1788,2022-11-24,1.4777597162701346
1789,2022-11-25,1.4760147601476015
1790,2022-11-26,1.4820426106547036
1791,2022-11-27,1.4880704611618056
1792,2022-11-28,1.4940983116689077
1793,2022-11-29,1.4912019087384432
1794,2022-11-30,1.4929829799940282
1795,2022-12-01,1.4686444411807902
1796,2022-12-02,1.467782181124321
1797,2022-12-03,1.465779652202064
1798,2022-12-04,1.463777123279807
1799,2022-12-05,1.46177459435755
1800,2022-12-06,1.4856633486851878
1801,2022-12-07,1.4943215780035863
1802,2022-12-08,1.4889815366289458
1803,2022-12-09,1.4723203769140165
1804,2022-12-10,1.4732615267837064
1805,2022-12-11,1.4742026766533962
1806,2022-12-12,1.475143826523086
1807,2022-12-13,1.4803849000740192
1808,2022-12-14,1.4626298083954952
1809,2022-12-15,1.4654161781946073
1810,2022-12-16,1.4912019087384432
1811,2022-12-17,1.4906835903829554
1812,2022-12-18,1.4901652720274674
1813,2022-12-19,1.4896469536719796
1814,2022-12-20,1.5017269860339388
1815,2022-12-21,1.5006002400960385
1816,2022-12-22,1.4790711433219936
1817,2022-12-23,1.497005988023952
1818,2022-12-24,1.4942966758960936
1819,2022-12-25,1.4915873637682355
1820,2022-12-26,1.4888780516403772
1821,2022-12-27,1.4861687395125192
1822,2022-12-28,1.4834594273846609
1823,2022-12-29,1.4812620352540364
1824,2022-12-30,1.4760147601476015
1825,2022-12-31,1.4731504960040813
1826,2023-01-01,1.4702862318605612
1827,2023-01-02,1.467421967717041
1828,2023-01-03,1.4645577035735209
1829,2023-01-04,1.4686444411807902
1830,2023-01-05,1.467351430667645
1831,2023-01-06,1.4773230905599055
1832,2023-01-07,1.4659519598296613
1833,2023-01-08,1.4545808290994173
1834,2023-01-09,1.4432096983691731
1835,2023-01-10,1.4484356894553883
1836,2023-01-11,1.446968600781363
1837,2023-01-12,1.4444604940054888
1838,2023-01-13,1.4378145219266714
1839,2023-01-14,1.435551219158899
1840,2023-01-15,1.4332879163911267
1841,2023-01-16,1.4310246136233544
1842,2023-01-17,1.434102968593145
1843,2023-01-18,1.429796968830426
1844,2023-01-19,1.4484356894553883
1845,2023-01-20,1.4455044810638913
1846,2023-01-21,1.4410194082074708
1847,2023-01-22,1.4365343353510502
1848,2023-01-23,1.4320492624946297
1849,2023-01-24,1.4218683349921797
1850,2023-01-25,1.4080540692762602
1851,2023-01-26,1.4075587639191207
1852,2023-01-27,1.4070634585619812
1853,2023-01-28,1.4080554660764777
1854,2023-01-29,1.4090474735909744
1855,2023-01-30,1.4100394811054708
1856,2023-01-31,1.4210601108426886
1857,2023-02-01,1.414827391058291
1858,2023-02-02,1.3986013986013988
1859,2023-02-03,1.416029453412631
1860,2023-02-04,1.424119496379461
1861,2023-02-05,1.432209539346291
1862,2023-02-06,1.440299582313121
1863,2023-02-07,1.4427932477276004
1864,2023-02-08,1.4359563469270533
1865,2023-02-09,1.438021282714984
1866,2023-02-10,1.4444604940054888
1867,2023-02-11,1.4455059923364135
1868,2023-02-12,1.4465514906673382
1869,2023-02-13,1.447596988998263
1870,2023-02-14,1.4336917562724014
1871,2023-02-15,1.4415453366008362
1872,2023-02-16,1.444669170759896
1873,2023-02-17,1.461347362268011
1874,2023-02-18,1.4578841188577223
1875,2023-02-19,1.4544208754474333
1876,2023-02-20,1.4509576320371445
1877,2023-02-21,1.4501160092807426
1878,2023-02-22,1.4622020763269485
1879,2023-02-23,1.4641288433382136
1880,2023-02-24,1.4675667742882301
1881,2023-02-25,1.4750748147070294
1882,2023-02-26,1.4825828551258289
1883,2023-02-27,1.4900908955446281
1884,2023-02-28,1.4858841010401187
1885,2023-03-01,1.4814814814814814
1886,2023-03-02,1.4823599169878448
1887,2023-03-03,1.482799525504152
1888,2023-03-04,1.481921609858501
1889,2023-03-05,1.4810436942128504
1890,2023-03-06,1.4801657785671996
1891,2023-03-07,1.4896469536719796
1892,2023-03-08,1.5172204521316948
1893,2023-03-09,1.51285930408472
1894,2023-03-10,1.5153811183512653
1895,2023-03-11,1.5103791101586581
1896,2023-03-12,1.5053771019660507
1897,2023-03-13,1.5003750937734435
1898,2023-03-14,1.5039855617386073
1899,2023-03-15,1.4943215780035863
1900,2023-03-16,1.5067048365225253
1901,2023-03-17,1.4894250819183794
1902,2023-03-18,1.4917280485271613
1903,2023-03-19,1.4940310151359435
1904,2023-03-20,1.4963339817447254
1905,2023-03-21,1.4945449110745777
1906,2023-03-22,1.4936519790888723
1907,2023-03-23,1.4834594273846609
1908,2023-03-24,1.4954389113204727
1909,2023-03-25,1.4982124070457286
1910,2023-03-26,1.5009859027709846
1911,2023-03-27,1.5037593984962405
1912,2023-03-28,1.4949917775452235
1913,2023-03-29,1.4918693122482471
1914,2023-03-30,1.4954389113204727
1915,2023-03-31,1.4898688915375446
1916,2023-04-01,1.4935210790249298
1917,2023-04-02,1.4971732665123147
1918,2023-04-03,1.5008254539997
1919,2023-04-04,1.4781966001478197
1920,2023-04-05,1.484560570071259
1921,2023-04-06,1.4938751120406335
1922,2023-04-07,1.4946358092670733
1923,2023-04-08,1.495396506493513
1924,2023-04-09,1.4961572037199526
1925,2023-04-10,1.4969179009463924
1926,2023-04-11,1.4976785981728322
1927,2023-04-12,1.49902563333833
1928,2023-04-13,1.4923145799134456
1929,2023-04-14,1.4742739200943535
1930,2023-04-15,1.479250372145305
1931,2023-04-16,1.4842268241962564
1932,2023-04-17,1.4892032762472078
1933,2023-04-18,1.4852220406950838
1934,2023-04-19,1.4865467518953472
1935,2023-04-20,1.4892032762472078
1936,2023-04-21,1.4907573047107932
1937,2023-04-22,1.493139181770447
1938,2023-04-23,1.4955210588301007
1939,2023-04-24,1.4979029358897544
1940,2023-04-25,1.5054955744662872
1941,2023-04-26,1.5130882130428203
1942,2023-04-27,1.508978421608571
1943,2023-04-28,1.51285930408472
1944,2023-04-29,1.5106565165254262
1945,2023-04-30,1.5084537289661322
1946,2023-05-01,1.5062509414068384
1947,2023-05-02,1.4914243102162565
1948,2023-05-03,1.5006002400960385
1949,2023-05-04,1.4947683109118086
1950,2023-05-05,1.4847809948032666
1951,2023-05-06,1.4818589165847116
1952,2023-05-07,1.4789368383661565
1953,2023-05-08,1.4760147601476015
1954,2023-05-09,1.475361463558572
1955,2023-05-10,1.4784151389710232
1956,2023-05-11,1.4760147601476015
1957,2023-05-12,1.4947683109118086
1958,2023-05-13,1.495364846204999
1959,2023-05-14,1.4959613814981894
1960,2023-05-15,1.4965579167913798
1961,2023-05-16,1.4983518130056936
1962,2023-05-17,1.5062509414068384
1963,2023-05-18,1.504438092372499
1964,2023-05-19,1.507386192342478
1965,2023-05-20,1.5069321603568326
1966,2023-05-21,1.5064781283711874
1967,2023-05-22,1.506024096385542
1968,2023-05-23,1.5037593984962405
1969,2023-05-24,1.5156107911488328
1970,2023-05-25,1.532097441397273
1971,2023-05-26,1.5349194167306217
1972,2023-05-27,1.5324186570271758
1973,2023-05-28,1.5299178973237302
1974,2023-05-29,1.5274171376202843
1975,2023-05-30,1.5363343063450605
1976,2023-05-31,1.539645881447267
1977,2023-06-01,1.5358623867301489
1978,2023-06-02,1.5124016938898972
1979,2023-06-03,1.5127832088724638
1980,2023-06-04,1.51316472385503
1981,2023-06-05,1.5135462388375966
1982,2023-06-06,1.501276084671971
1983,2023-06-07,1.497454327643007
1984,2023-06-08,1.5010507355148603
1985,2023-06-09,1.4907573047107932
1986,2023-06-10,1.4878357643635933
1987,2023-06-11,1.4849142240163933
1988,2023-06-12,1.4819926836691935
1989,2023-06-13,1.4790711433219936
1990,2023-06-14,1.4777597162701346
1991,2023-06-15,1.4660606949127692
1992,2023-06-16,1.4518002322880372
1993,2023-06-17,1.4534215678230031
1994,2023-06-18,1.4550429033579693
1995,2023-06-19,1.4566642388929352
1996,2023-06-20,1.4699397324709687
1997,2023-06-21,1.4742739200943535
1998,2023-06-22,1.4781966001478197
1999,2023-06-23,1.4932059130954158
2000,2023-06-24,1.4945473168203107
2001,2023-06-25,1.4958887205452054
2002,2023-06-26,1.4972301242701003
2003,2023-06-27,1.4898688915375446
2004,2023-06-28,1.504664459825459
2005,2023-06-29,1.5119443604475356
2006,2023-06-30,1.5082956259426847
2007,2023-07-01,1.505730497327136
2008,2023-07-02,1.5031653687115873
2009,2023-07-03,1.5006002400960385
2010,2023-07-04,1.5030813166992334
2011,2023-07-05,1.4952153110047848
2012,2023-07-06,1.501276084671971
2013,2023-07-07,1.5071590052750565
2014,2023-07-08,1.505498722959897
2015,2023-07-09,1.5038384406447374
2016,2023-07-10,1.502178158329578
2017,2023-07-11,1.4965579167913798
2018,2023-07-12,1.4905351021016544
2019,2023-07-13,1.4688601645123385
2020,2023-07-14,1.451589490492089
2021,2023-07-15,1.4569152517574693
2022,2023-07-16,1.4622410130228498
2023,2023-07-17,1.4675667742882301
2024,2023-07-18,1.4660606949127692
2025,2023-07-19,1.4718869590815424
2026,2023-07-20,1.4645577035735209
2027,2023-07-21,1.4760147601476015
2028,2023-07-22,1.4788633634554873
2029,2023-07-23,1.4817119667633731
2030,2023-07-24,1.484560570071259
2031,2023-07-25,1.4775413711583925
2032,2023-07-26,1.478633742422002
2033,2023-07-27,1.4721036360959812
2034,2023-07-28,1.4994751836857099
2035,2023-07-29,1.4985027613875999
2036,2023-07-30,1.4975303390894898
2037,2023-07-31,1.4965579167913798
2038,2023-08-01,1.498576352465158
2039,2023-08-02,1.51952590791673
2040,2023-08-03,1.5295197308045272
2041,2023-08-04,1.5213753232922562
2042,2023-08-05,1.5238212643264881
2043,2023-08-06,1.52626720536072
2044,2023-08-07,1.528713146394952
2045,2023-08-08,1.5311590874291838
2046,2023-08-09,1.525320317266626
2047,2023-08-10,1.5278838808250574
2048,2023-08-11,1.5332720024532351
2049,2023-08-12,1.5369818497693382
2050,2023-08-13,1.5406916970854414
2051,2023-08-14,1.5444015444015444
2052,2023-08-15,1.5356265356265357
2053,2023-08-16,1.550147263990079
2054,2023-08-17,1.5661707126076743
2055,2023-08-18,1.5607928827844544
2056,2023-08-19,1.5613619218563028
2057,2023-08-20,1.5619309609281515
2058,2023-08-21,1.5625
2059,2023-08-22,1.5583606046439145
2060,2023-08-23,1.5525539512498059
2061,2023-08-24,1.543448062972681
2062,2023-08-25,1.5583606046439145
2063,2023-08-26,1.5572297774804347
2064,2023-08-27,1.556098950316955
2065,2023-08-28,1.5549681231534753
2066,2023-08-29,1.5513496742165684
2067,2023-08-30,1.5444015444015444
2068,2023-08-31,1.5420200462606015
2069,2023-09-01,1.5453562046051614
2070,2023-09-02,1.5451175026890964
2071,2023-09-03,1.5448788007730314
2072,2023-09-04,1.5446400988569664
2073,2023-09-05,1.562255897516013
2074,2023-09-06,1.561767921286897
2075,2023-09-07,1.567398119122257
2076,2023-09-08,1.5607928827844544
2077,2023-09-09,1.558368161823161
2078,2023-09-10,1.555943440861868
2079,2023-09-11,1.5535187199005747
2080,2023-09-12,1.556420233463035
2081,2023-09-13,1.5603058199407083
2082,2023-09-14,1.5525539512498059
2083,2023-09-15,1.5463120457708364
2084,2023-09-16,1.5480714905604387
2085,2023-09-17,1.5498309353500408
2086,2023-09-18,1.5515903801396431
2087,2023-09-19,1.5549681231534753
2088,2023-09-20,1.5499070055796653
2089,2023-09-21,1.561767921286897
2090,2023-09-22,1.556420233463035
2091,2023-09-23,1.5569860868770913
2092,2023-09-24,1.5575519402911477
2093,2023-09-25,1.558117793705204
2094,2023-09-26,1.5590894917368259
2095,2023-09-27,1.5676438313215237
2096,2023-09-28,1.5681354869060686
2097,2023-09-29,1.548467017652524
2098,2023-09-30,1.557170402568082
2099,2023-10-01,1.56587378748364
2100,2023-10-02,1.5745771723991981
2101,2023-10-03,1.5832805573147561
2102,2023-10-04,1.5820281601012498
2103,2023-10-05,1.569365976145637
2104,2023-10-06,1.5703517587939697
2105,2023-10-07,1.5718355557314128
2106,2023-10-08,1.573319352668856
2107,2023-10-09,1.574803149606299
2108,2023-10-10,1.5598190609889253
2109,2023-10-11,1.557389814670612
2110,2023-10-12,1.5569048731122528
2111,2023-10-13,1.583029919265474
2112,2023-10-14,1.582529198114354
2113,2023-10-15,1.5820284769632345
2114,2023-10-16,1.5815277558121146
2115,2023-10-17,1.5735641227380017
2116,2023-10-18,1.5676438313215237
2117,2023-10-19,1.5865460891638903
2118,2023-10-20,1.5832805573147561
2119,2023-10-21,1.583698684541639
2120,2023-10-22,1.584116811768522
2121,2023-10-23,1.5845349389954049
2122,2023-10-24,1.5725743041358704
2123,2023-10-25,1.5659254619480114
2124,2023-10-26,1.5928639694170117
2125,2023-10-27,1.5760441292356187
2126,2023-10-28,1.575382585973439
2127,2023-10-29,1.574721042711259
2128,2023-10-30,1.5740594994490793
2129,2023-10-31,1.5757957768673179
2130,2023-11-01,1.5792798483891346
2131,2023-11-02,1.5566625155666252
2132,2023-11-03,1.55448468832582
2133,2023-11-04,1.548355895647833
2134,2023-11-05,1.5422271029698458
2135,2023-11-06,1.5360983102918586
2136,2023-11-07,1.5530361857431279
2137,2023-11-08,1.5527950310559007
2138,2023-11-09,1.5586034912718205
2139,2023-11-10,1.5720798616569722
2140,2023-11-11,1.5721622557797006
2141,2023-11-12,1.5722446499024287
2142,2023-11-13,1.572327044025157
2143,2023-11-14,1.569365976145637
2144,2023-11-15,1.5384615384615383
2145,2023-11-16,1.5453562046051614
2146,2023-11-17,1.546072974644403
2147,2023-11-18,1.5396211688469048
2148,2023-11-19,1.5331693630494065
2149,2023-11-20,1.5267175572519083
2150,2023-11-21,1.5204500532157519
2151,2023-11-22,1.5255530129672006
2152,2023-11-23,1.5257857796765335
2153,2023-11-24,1.5236934328813043
2154,2023-11-25,1.5227664710970419
2155,2023-11-26,1.5218395093127797
2156,2023-11-27,1.5209125475285172
2157,2023-11-28,1.5098897780462026
2158,2023-11-29,1.5037593984962405
2159,2023-11-30,1.5042117930204575
2160,2023-12-01,1.5126304643775526
2161,2023-12-02,1.5092215916363172
2162,2023-12-03,1.5058127188950816
2163,2023-12-04,1.5024038461538463
2164,2023-12-05,1.5188335358444716
2165,2023-12-06,1.51952590791673
2166,2023-12-07,1.531628120692296
2167,2023-12-08,1.5110305228165608
2168,2023-12-09,1.515871352866774
2169,2023-12-10,1.5207121829169874
2170,2023-12-11,1.5255530129672006
2171,2023-12-12,1.5172204521316948
2172,2023-12-13,1.5255530129672006
2173,2023-12-14,1.4898688915375446
2174,2023-12-15,1.4887598630340926
2175,2023-12-16,1.4889816026621883
2176,2023-12-17,1.4892033422902837
2177,2023-12-18,1.4894250819183794
2178,2023-12-19,1.48720999405116
2179,2023-12-20,1.4760147601476015
2180,2023-12-21,1.4819205690574986
2181,2023-12-22,1.474491300501327
2182,2023-12-23,1.4721190020801607
2183,2023-12-24,1.4697467036589942
2184,2023-12-25,1.467374405237828
2185,2023-12-26,1.4650021068166614
2186,2023-12-27,1.4626298083954952
2187,2023-12-28,1.4615609470914936
2188,2023-12-29,1.461988304093567
2189,2023-12-30,1.463060143026187
2190,2023-12-31,1.4641319819588068
2191,2024-01-01,1.4652038208914269
2192,2024-01-02,1.4662756598240467
2193,2024-01-03,1.478633742422002
2194,2024-01-04,1.4841199168892847
2195,2024-01-05,1.4929829799940282
2196,2024-01-06,1.4929086911459417
2197,2024-01-07,1.492834402297855
2198,2024-01-08,1.4927601134497686
2199,2024-01-09,1.4883167137966957
2200,2024-01-10,1.4918693122482471
2201,2024-01-11,1.488095238095238
2202,2024-01-12,1.4916467780429594
2203,2024-01-13,1.4924639559182755
2204,2024-01-14,1.4932811337935916
2205,2024-01-15,1.4940983116689077
2206,2024-01-16,1.5117157974300832
2207,2024-01-17,1.5218383807639628
2208,2024-01-18,1.5248551387618174
2209,2024-01-19,1.519987840097279
2210,2024-01-20,1.5188352863817065
2211,2024-01-21,1.5176827326661337
2212,2024-01-22,1.5165301789505612
2213,2024-01-23,1.5146925174189638
2214,2024-01-24,1.5209125475285172
2215,2024-01-25,1.5209125475285172
2216,2024-01-26,1.5200470813595897
2217,2024-01-27,1.519181615190662
2218,2024-01-28,1.5183161490217347
2219,2024-01-29,1.5174506828528072
2220,2024-01-30,1.5130882130428203
2221,2024-01-31,1.52114390021296
2222,2024-02-01,1.5260186174271326
2223,2024-02-02,1.515840533575868
2224,2024-02-03,1.5227504806916359
2225,2024-02-04,1.5296604278074035
2226,2024-02-05,1.5365703749231714
2227,2024-02-06,1.5349194167306217
2228,2024-02-07,1.531628120692296
2229,2024-02-08,1.5330369461904032
2230,2024-02-09,1.5403573629081948
2231,2024-02-10,1.5383092248578922
2232,2024-02-11,1.5362610868075899
2233,2024-02-12,1.5342129487572873
2234,2024-02-13,1.5346838551258442
2235,2024-02-14,1.547029702970297
2236,2024-02-15,1.5420200462606015
2237,2024-02-16,1.5342129487572873
2238,2024-02-17,1.5321810856425926
2239,2024-02-18,1.5301492225278976
2240,2024-02-19,1.528117359413203
2241,2024-02-20,1.5311590874291838
2242,2024-02-21,1.522533495736906
2243,2024-02-22,1.5246226558926665
2244,2024-02-23,1.5216068167985393
2245,2024-02-24,1.5227671087131334
2246,2024-02-25,1.5239274006277272
2247,2024-02-26,1.5250876925423213
2248,2024-02-27,1.528117359413203
2249,2024-02-28,1.5339776039269826
2250,2024-02-29,1.5339776039269826
2251,2024-03-01,1.5360983102918586
2252,2024-03-02,1.5353129839573536
2253,2024-03-03,1.5345276576228486
2254,2024-03-04,1.5337423312883436
2255,2024-03-05,1.5379883112888342
2256,2024-03-06,1.5351550506601168
2257,2024-03-07,1.5183723048891589
2258,2024-03-08,1.5092061575611229
2259,2024-03-09,1.5103475931665995
2260,2024-03-10,1.511489028772076
2261,2024-03-11,1.5126304643775526
2262,2024-03-12,1.5117157974300832
2263,2024-03-13,1.5119443604475356
2264,2024-03-14,1.5114873035066507
2265,2024-03-15,1.5227653418608194
2266,2024-03-16,1.522842647442191
2267,2024-03-17,1.5229199530235629
2268,2024-03-18,1.5229972586049345
2269,2024-03-19,1.531628120692296
2270,2024-03-20,1.5323322096230463
2271,2024-03-21,1.5096618357487923
2272,2024-03-22,1.5325670498084292
2273,2024-03-23,1.5323322815716325
2274,2024-03-24,1.5320975133348358
2275,2024-03-25,1.531862745098039
2276,2024-03-26,1.5292858235204159
2277,2024-03-27,1.531628120692296
2278,2024-03-28,1.5309246785058175
2279,2024-03-29,1.532906152665979
2280,2024-03-30,1.5348876268261407
2281,2024-03-31,1.5368691009863023
2282,2024-04-01,1.5388505751464638
2283,2024-04-02,1.5408320493066254
2284,2024-04-03,1.5339776039269826
2285,2024-04-04,1.518141794443601
2286,2024-04-05,1.5216068167985393
2287,2024-04-06,1.5210671578981192
2288,2024-04-07,1.5205274989976991
2289,2024-04-08,1.519987840097279
2290,2024-04-09,1.5133171912832928
2291,2024-04-10,1.5103458692040477
2292,2024-04-11,1.5330369461904032
2293,2024-04-12,1.5323322096230463
2294,2024-04-13,1.535323815868714
2295,2024-04-14,1.5383154221143815
2296,2024-04-15,1.5413070283600492
2297,2024-04-16,1.5561780267662622
2298,2024-04-17,1.560549313358302
2299,2024-04-18,1.5508684863523572
2300,2024-04-19,1.5632327653587619
2301,2024-04-20,1.5602362047786005
2302,2024-04-21,1.5572396441984393
2303,2024-04-22,1.554243083618278
2304,2024-04-23,1.549186676994578
2305,2024-04-24,1.5339776039269826
2306,2024-04-25,1.5316317137236992
2307,2024-04-26,1.5292858235204159
2308,2024-04-27,1.5269577890805919
2309,2024-04-28,1.5246297546407677
2310,2024-04-29,1.5223017202009437
2311,2024-04-30,1.5325670498084292
2312,2024-05-01,1.5444015444015444
2313,2024-05-02,1.5288182235132242
2314,2024-05-03,1.519987840097279
2315,2024-05-04,1.5173828909283036
2316,2024-05-05,1.514777941759328
2317,2024-05-06,1.5121729925903524
2318,2024-05-07,1.5151515151515151
2319,2024-05-08,1.519987840097279
2320,2024-05-09,1.5204500532157519
2321,2024-05-10,1.51285930408472
2322,2024-05-11,1.5139296512778264
2323,2024-05-12,1.5149999984709326
2324,2024-05-13,1.516070345664039
2325,2024-05-14,1.5151515151515151
2326,2024-05-15,1.5042117930204575
2327,2024-05-16,1.4972301242701003
2328,2024-05-17,1.498576352465158
2329,2024-05-18,1.4962664943244253
2330,2024-05-19,1.4939566361836922
2331,2024-05-20,1.4916467780429594
2332,2024-05-21,1.5019525382997898
2333,2024-05-22,1.4983518130056936
2334,2024-05-23,1.5103458692040477
2335,2024-05-24,1.5151515151515151
2336,2024-05-25,1.5125630742151694
2337,2024-05-26,1.5099746332788238
2338,2024-05-27,1.507386192342478
2339,2024-05-28,1.4999250037498126
2340,2024-05-29,1.504438092372499
2341,2024-05-30,1.515840533575868
2342,2024-05-31,1.5067048365225253
2343,2024-06-01,1.5060247109568365
2344,2024-06-02,1.5053445853911478
2345,2024-06-03,1.504664459825459
2346,2024-06-04,1.4997000599880026
2347,2024-06-05,1.5019525382997898
2348,2024-06-06,1.5015015015015014
2349,2024-06-07,1.498800959232614
2350,2024-06-08,1.5027738487792015
2351,2024-06-09,1.5067467383257889
2352,2024-06-10,1.5107196278723762
2353,2024-06-11,1.5146925174189638
2354,2024-06-12,1.5103458692040477
2355,2024-06-13,1.5055706112616682
2356,2024-06-14,1.5092061575611229
2357,2024-06-15,1.5111114322133992
2358,2024-06-16,1.5130167068656755
2359,2024-06-17,1.5149219815179518
2360,2024-06-18,1.5092061575611229
2361,2024-06-19,1.4992503748125936
2362,2024-06-20,1.4994751836857099
2363,2024-06-21,1.5003750937734435
2364,2024-06-22,1.5021825024092192
2365,2024-06-23,1.5039899110449952
2366,2024-06-24,1.505797319680771
2367,2024-06-25,1.5006002400960385
2368,2024-06-26,1.4956625785222855
2369,2024-06-27,1.5001500150015001
2370,2024-06-28,1.5096618357487923
2371,2024-06-29,1.506341243828529
2372,2024-06-30,1.5030206519082658
2373,2024-07-01,1.4997000599880026
2374,2024-07-02,1.504664459825459
2375,2024-07-03,1.498576352465158
2376,2024-07-04,1.4887598630340926
2377,2024-07-05,1.485001485001485
2378,2024-07-06,1.484267498502374
2379,2024-07-07,1.4835335120032629
2380,2024-07-08,1.482799525504152
2381,2024-07-09,1.482799525504152
2382,2024-07-10,1.482799525504152
2383,2024-07-11,1.4790711433219936
2384,2024-07-12,1.4766686355581806
2385,2024-07-13,1.4764506770879875
2386,2024-07-14,1.4762327186177946
2387,2024-07-15,1.4760147601476015
2388,2024-07-16,1.4841199168892847
2389,2024-07-17,1.484560570071259
2390,2024-07-18,1.4838996883810653
2391,2024-07-19,1.4923145799134456
2392,2024-07-20,1.4951515379421971
2393,2024-07-21,1.4979884959709484
2394,2024-07-22,1.5008254539997
2395,2024-07-23,1.5076134479119554
2396,2024-07-24,1.5163002274450341
2397,2024-07-25,1.527650473571647
2398,2024-07-26,1.5255530129672006
2399,2024-07-27,1.5257858507286424
2400,2024-07-28,1.5260186884900844
2401,2024-07-29,1.5262515262515262
2402,2024-07-30,1.525320317266626
2403,2024-07-31,1.5405946695424433
2404,2024-08-01,1.5304560759106214
2405,2024-08-02,1.5349194167306217
2406,2024-08-03,1.5351551592305035
2407,2024-08-04,1.5353909017303853
2408,2024-08-05,1.535626644230267
2409,2024-08-06,1.5358623867301489
2410,2024-08-07,1.5264845061822623
2411,2024-08-08,1.5262515262515262
2412,2024-08-09,1.5169902912621358
2413,2024-08-10,1.5177585432074727
2414,2024-08-11,1.5185267951528094
2415,2024-08-12,1.5192950470981463
2416,2024-08-13,1.5165301789505612
2417,2024-08-14,1.507386192342478
2418,2024-08-15,1.510574018126888
2419,2024-08-16,1.5082956259426847
2420,2024-08-17,1.5042337885299126
2421,2024-08-18,1.5001719511171407
2422,2024-08-19,1.4961101137043686
2423,2024-08-20,1.4883167137966957
2424,2024-08-21,1.483239394838327
2425,2024-08-22,1.4836795252225519
2426,2024-08-23,1.488095238095238
2427,2024-08-24,1.4839958021776203
2428,2024-08-25,1.4798963662600026
2429,2024-08-26,1.475796930342385
2430,2024-08-27,1.4734050390452336
2431,2024-08-28,1.4729709824716455
2432,2024-08-29,1.4690759512266784
2433,2024-08-30,1.4692918013517484
2434,2024-08-31,1.4721872428757443
2435,2024-09-01,1.4750826843997404
2436,2024-09-02,1.4779781259237363
2437,2024-09-03,1.4834594273846609
2438,2024-09-04,1.4916467780429594
2439,2024-09-05,1.4874312063067083
2440,2024-09-06,1.48720999405116
2441,2024-09-07,1.491373349363441
2442,2024-09-08,1.4955367046757218
2443,2024-09-09,1.4997000599880026
2444,2024-09-10,1.4997000599880026
2445,2024-09-11,1.5017269860339388
2446,2024-09-12,1.4940983116689077
2447,2024-09-13,1.4876524843796488
2448,2024-09-14,1.4872839068848815
2449,2024-09-15,1.4869153293901145
2450,2024-09-16,1.4865467518953472
2451,2024-09-17,1.4819205690574986
2452,2024-09-18,1.4790711433219936
2453,2024-09-19,1.4703720041170416
2454,2024-09-20,1.4667057788207687
2455,2024-09-21,1.4659897537383528
2456,2024-09-22,1.4652737286559367
2457,2024-09-23,1.4645577035735209
2458,2024-09-24,1.4622020763269485
2459,2024-09-25,1.4622020763269485
2460,2024-09-26,1.4622020763269485
2461,2024-09-27,1.4622020763269485
